base_filename,ecoregion,verbatim_description,identifier,creator_id,creator_abbreviation,serial_number,location,full_filename,filename_parsed
31202cape-pt-fynbos-mke121.jpg,31202,cape-pt-fynbos-m,ke121,,ke,121,,w31202cape-pt-fynbos-mke121.jpg,cape-pt-fynbos-mke121
31202cape-pt-fynbos-mke122.jpg,31202,cape-pt-fynbos-m,ke122,,ke,122,,w31202cape-pt-fynbos-mke122.jpg,cape-pt-fynbos-mke122
50302vegetation14609.jpg,50302,vegetation,14609,baskauf,14,609,,w50302vegetation14609.jpg,vegetation14609
50302view14665.jpg,50302,view,14665,baskauf,14,665,,w50302view14665.jpg,view14665
50302view14694.jpg,50302,view,14694,baskauf,14,694,,w50302view14694.jpg,view14694
,,,,,,,,w50303-77115.jpg,
,,,,,,,,w50303-77120.jpg,
,,,,,,,,w50303-77127.jpg,
,,,,,,,,w50303-77133.jpg,
,,,,,,,,w50303-77141.jpg,
,,,,,,,,w50303-77143.jpg,
,,,,,,,,w50303-77145.jpg,
,,,,,,,,w50303-77152.jpg,
,,,,,,,,w50303-77163.jpg,
,,,,,,,,w50303-77165.jpg,
,,,,,,,,w50303-77194.jpg,
,,,,,,,,w50401-84151.jpg,
,,,,,,,,w50401-84155.jpg,
,,,,,,,,w50401-84157.jpg,
,,,,,,,,w50401-84160.jpg,
,,,,,,,,w50401-84164.jpg,
,,,,,,,,w50401-84172.jpg,
,,,,,,,,w50401-84174.jpg,
50402fcf-cliff39680.jpg,50402,fcf-cliff,39680,baskauf,39,680,"Fall Creek Falls State Park, TN",w50402fcf-cliff39680.jpg,fcf-cliff39680
50402fcf-cliff39683.jpg,50402,fcf-cliff,39683,baskauf,39,683,"Fall Creek Falls State Park, TN",w50402fcf-cliff39683.jpg,fcf-cliff39683
50402fcf-falls39685.jpg,50402,fcf-falls,39685,baskauf,39,685,"Fall Creek Falls State Park, TN",w50402fcf-falls39685.jpg,fcf-falls39685
50402fcf-falls39689.jpg,50402,fcf-falls,39689,baskauf,39,689,"Fall Creek Falls State Park, TN",w50402fcf-falls39689.jpg,fcf-falls39689
50402fcf-magnolia-hemlock39765.jpg,50402,fcf-magnolia-hemlock,39765,baskauf,39,765,"Fall Creek Falls State Park, TN",w50402fcf-magnolia-hemlock39765.jpg,fcf-magnolia-hemlock39765
50402fcf-mixed-forest-distant39786.jpg,50402,fcf-mixed-forest-distant,39786,baskauf,39,786,"Fall Creek Falls State Park, TN",w50402fcf-mixed-forest-distant39786.jpg,fcf-mixed-forest-distant39786
50402fcf-mixed-forest39686.jpg,50402,fcf-mixed-forest,39686,baskauf,39,686,"Fall Creek Falls State Park, TN",w50402fcf-mixed-forest39686.jpg,fcf-mixed-forest39686
50402fcf-mixed-forest39687.jpg,50402,fcf-mixed-forest,39687,baskauf,39,687,"Fall Creek Falls State Park, TN",w50402fcf-mixed-forest39687.jpg,fcf-mixed-forest39687
50402fcf-mixed39644.jpg,50402,fcf-mixed,39644,baskauf,39,644,"Fall Creek Falls State Park, TN",w50402fcf-mixed39644.jpg,fcf-mixed39644
50402fcf-mixed39651.jpg,50402,fcf-mixed,39651,baskauf,39,651,"Fall Creek Falls State Park, TN",w50402fcf-mixed39651.jpg,fcf-mixed39651
50402fcf-stream39758.jpg,50402,fcf-stream,39758,baskauf,39,758,"Fall Creek Falls State Park, TN",w50402fcf-stream39758.jpg,fcf-stream39758
50402monteagle57613.jpg,50402,monteagle,57613,baskauf,57,613,,w50402monteagle57613.jpg,monteagle57613
50402monteagle57619.jpg,50402,monteagle,57619,baskauf,57,619,,w50402monteagle57619.jpg,monteagle57619
50402savage-gulf-cliff.jpg,50402,savage-gulf-,cliff,,cl,iff,,w50402savage-gulf-cliff.jpg,savage-gulf-cliff
50402savage-gulf-view.jpg,50402,savage-gulf,-view,,-v,iew,,w50402savage-gulf-view.jpg,savage-gulf-view
50403bald-mke136.jpg,50403,bald-m,ke136,,ke,136,,w50403bald-mke136.jpg,bald-mke136
50403clingmans-dome-view11419.jpg,50403,clingmans-dome-view,11419,baskauf,11,419,,w50403clingmans-dome-view11419.jpg,clingmans-dome-view11419
50403cove-forest-logged11494.jpg,50403,cove-forest-logged,11494,baskauf,11,494,,w50403cove-forest-logged11494.jpg,cove-forest-logged11494
50403cove-forest-old-growth11487.jpg,50403,cove-forest-old-growth,11487,baskauf,11,487,,w50403cove-forest-old-growth11487.jpg,cove-forest-old-growth11487
50403forest-floor-mke126.jpg,50403,forest-floor-m,ke126,,ke,126,,w50403forest-floor-mke126.jpg,forest-floor-mke126
50403forest-floor-mke127.jpg,50403,forest-floor-m,ke127,,ke,127,,w50403forest-floor-mke127.jpg,forest-floor-mke127
50403haze-in-smokies11533.jpg,50403,haze-in-smokies,11533,baskauf,11,533,,w50403haze-in-smokies11533.jpg,haze-in-smokies11533
50403hemlock-halesia26281.jpg,50403,hemlock-halesia,26281,baskauf,26,281,,w50403hemlock-halesia26281.jpg,hemlock-halesia26281
50403hemlock26283.jpg,50403,hemlock,26283,baskauf,26,283,,w50403hemlock26283.jpg,hemlock26283
50403lehigh-gorge-sp-pa0755dd348.JPG,50403,lehigh-gorge-sp-pa0755,dd348,,dd,348,"Lehigh Gorge SP, Carbon Co., PA",w50403lehigh-gorge-sp-pa0755dd348.JPG,lehigh-gorge-sp-pa0755dd348
50403mke141.jpg,50403,m,ke141,,ke,141,,w50403mke141.jpg,mke141
50403northern-hardwood-15055.jpg,50403,northern-hardwood-,15055,baskauf,15,55,,w50403northern-hardwood-15055.jpg,northern-hardwood-15055
50403rhodadendron-thicket11559.jpg,50403,rhodadendron-thicket,11559,baskauf,11,559,,w50403rhodadendron-thicket11559.jpg,rhodadendron-thicket11559
50403smoky-mts-mke135.jpg,50403,smoky-mts-m,ke135,,ke,135,,w50403smoky-mts-mke135.jpg,smoky-mts-mke135
50403smokys-spruce-fir26513.jpg,50403,smokys-spruce-fir,26513,baskauf,26,513,,w50403smokys-spruce-fir26513.jpg,smokys-spruce-fir26513
50403spruce-fir-forest-11418.jpg,50403,spruce-fir-forest-,11418,baskauf,11,418,,w50403spruce-fir-forest-11418.jpg,spruce-fir-forest-11418
50403spruce-fir-forest15018.jpg,50403,spruce-fir-forest,15018,baskauf,15,18,,w50403spruce-fir-forest15018.jpg,spruce-fir-forest15018
50404bottomland-forest15842.jpg,50404,bottomland-forest,15842,baskauf,15,842,,w50404bottomland-forest15842.jpg,bottomland-forest15842
50404bottomland-forest15843.jpg,50404,bottomland-forest,15843,baskauf,15,843,,w50404bottomland-forest15843.jpg,bottomland-forest15843
50404cedar-glade-substrate12923.jpg,50404,cedar-glade-substrate,12923,baskauf,12,923,,w50404cedar-glade-substrate12923.jpg,cedar-glade-substrate12923
50404cedar-glade12918.jpg,50404,cedar-glade,12918,baskauf,12,918,,w50404cedar-glade12918.jpg,cedar-glade12918
50404cedar-glade12926.jpg,50404,cedar-glade,12926,baskauf,12,926,,w50404cedar-glade12926.jpg,cedar-glade12926
50404couchville-landscaped05-0002-e5424.jpg,50404,couchville-landscaped05-0002-,e5424,,e5,424,,w50404couchville-landscaped05-0002-e5424.jpg,couchville-landscaped05-0002-e5424
50404deciduous-light-spot22908.jpg,50404,deciduous-light-spot,22908,baskauf,22,908,,w50404deciduous-light-spot22908.jpg,deciduous-light-spot22908
50404dripping-spgs-30471.jpg,50404,dripping-spgs-,30471,baskauf,30,471,,w50404dripping-spgs-30471.jpg,dripping-spgs-30471
50404dry-ridge15885.jpg,50404,dry-ridge,15885,baskauf,15,885,,w50404dry-ridge15885.jpg,dry-ridge15885
50404dry-ridge15891.jpg,50404,dry-ridge,15891,baskauf,15,891,,w50404dry-ridge15891.jpg,dry-ridge15891
50404field-site17707.jpg,50404,field-site,17707,baskauf,17,707,,w50404field-site17707.jpg,field-site17707
50404forest-floor18424.jpg,50404,forest-floor,18424,baskauf,18,424,,w50404forest-floor18424.jpg,forest-floor18424
50404hlsp-landscape940417a-16-e5425.jpg,50404,hlsp-landscape940417a-16-,e5425,,e5,425,,w50404hlsp-landscape940417a-16-e5425.jpg,hlsp-landscape940417a-16-e5425
50404sunnybell-glade-0135e5480.jpg,50404,sunnybell-glade-0135,e5480,,e5,480,,w50404sunnybell-glade-0135e5480.jpg,sunnybell-glade-0135e5480
50404wet-glade31621.jpg,50404,wet-glade,31621,baskauf,31,621,,w50404wet-glade31621.jpg,wet-glade31621
,,,,baskauf,,,,w50405-76991.jpg,
,,,,baskauf,,,,w50405-77016.jpg,
,,,,baskauf,,,,w50405-77022.jpg,
,,,,baskauf,,,,w50405-77024.jpg,
,,,,baskauf,,,,w50405-77025.jpg,
,,,,baskauf,,,,w50405-77026.jpg,
50406algonquin-mke125.jpg,50406,algonquin-m,ke125,,ke,125,,w50406algonquin-mke125.jpg,algonquin-mke125
50406algonquin045sb538.jpg,50406,algonquin045,sb538,bassettst,sb,538,,w50406algonquin045sb538.jpg,algonquin045sb538
50406algonquin051sb548.jpg,50406,algonquin051,sb548,bassettst,sb,548,,w50406algonquin051sb548.jpg,algonquin051sb548
50406algonquin074collagesb549.jpg,50406,algonquin074collage,sb549,bassettst,sb,549,,w50406algonquin074collagesb549.jpg,algonquin074collagesb549
50406algonquin098sb550.jpg,50406,algonquin098,sb550,bassettst,sb,550,,w50406algonquin098sb550.jpg,algonquin098sb550
50406algonquin104sb551.jpg,50406,algonquin104,sb551,bassettst,sb,551,,w50406algonquin104sb551.jpg,algonquin104sb551
50406algonquin106sb552.jpg,50406,algonquin106,sb552,bassettst,sb,552,,w50406algonquin106sb552.jpg,algonquin106sb552
50406algonquin142sb553.jpg,50406,algonquin142,sb553,bassettst,sb,553,,w50406algonquin142sb553.jpg,algonquin142sb553
50406algonquin145sb554.jpg,50406,algonquin145,sb554,bassettst,sb,554,,w50406algonquin145sb554.jpg,algonquin145sb554
50406algonquin148sb555.jpg,50406,algonquin148,sb555,bassettst,sb,555,,w50406algonquin148sb555.jpg,algonquin148sb555
50406algonquin153sb556.jpg,50406,algonquin153,sb556,bassettst,sb,556,,w50406algonquin153sb556.jpg,algonquin153sb556
50406algonquin155sb557.jpg,50406,algonquin155,sb557,bassettst,sb,557,,w50406algonquin155sb557.jpg,algonquin155sb557
50406algonquin157sb558.jpg,50406,algonquin157,sb558,bassettst,sb,558,,w50406algonquin157sb558.jpg,algonquin157sb558
50406algonquin164sb559.jpg,50406,algonquin164,sb559,bassettst,sb,559,,w50406algonquin164sb559.jpg,algonquin164sb559
50406algonquin200sb560.jpg,50406,algonquin200,sb560,bassettst,sb,560,,w50406algonquin200sb560.jpg,algonquin200sb560
50406algonquin207sb561.jpg,50406,algonquin207,sb561,bassettst,sb,561,,w50406algonquin207sb561.jpg,algonquin207sb561
50406algonquin210sb562.jpg,50406,algonquin210,sb562,bassettst,sb,562,,w50406algonquin210sb562.jpg,algonquin210sb562
50406algonquin218sb563.jpg,50406,algonquin218,sb563,bassettst,sb,563,,w50406algonquin218sb563.jpg,algonquin218sb563
50406algonquin238sb564.jpg,50406,algonquin238,sb564,bassettst,sb,564,,w50406algonquin238sb564.jpg,algonquin238sb564
50406algonquin246collagesb565.jpg,50406,algonquin246collage,sb565,bassettst,sb,565,,w50406algonquin246collagesb565.jpg,algonquin246collagesb565
50406algonquin265sb566.jpg,50406,algonquin265,sb566,bassettst,sb,566,,w50406algonquin265sb566.jpg,algonquin265sb566
50406algonquin270collagesb567.jpg,50406,algonquin270collage,sb567,bassettst,sb,567,,w50406algonquin270collagesb567.jpg,algonquin270collagesb567
50406algonquin333sb568.jpg,50406,algonquin333,sb568,bassettst,sb,568,,w50406algonquin333sb568.jpg,algonquin333sb568
50406l-superior-pp11sb212.jpg,50406,l-superior-pp11,sb212,bassettst,sb,212,"Lake Superior Provincial Park, Ontario",h50406l-superior-pp11sb212.jpg,l-superior-pp11sb212
50407orwell-vt-3270dr620.jpg,50407,orwell-vt-3270,dr620,,dr,620,,w50407orwell-vt-3270dr620.jpg,orwell-vt-3270dr620
50407orwell-vt-3284dr621.jpg,50407,orwell-vt-3284,dr621,,dr,621,,w50407orwell-vt-3284dr621.jpg,orwell-vt-3284dr621
50409bottomland-meeman40334.JPG,50409,bottomland-meeman,40334,baskauf,40,334,,h50409bottomland-meeman40334.JPG,bottomland-meeman40334
50409bottomland-meeman40335.JPG,50409,bottomland-meeman,40335,baskauf,40,335,,h50409bottomland-meeman40335.JPG,bottomland-meeman40335
50409louisiana-mke175.jpg,50409,louisiana-m,ke175,,ke,175,,w50409louisiana-mke175.jpg,louisiana-mke175
50409mississippi-r40319.JPG,50409,mississippi-r,40319,baskauf,40,319,,h50409mississippi-r40319.JPG,mississippi-r40319
50409mississippi-r40322.JPG,50409,mississippi-r,40322,baskauf,40,322,,h50409mississippi-r40322.JPG,mississippi-r40322
50409tadi-swamp-memphis40339.JPG,50409,tadi-swamp-memphis,40339,baskauf,40,339,,h50409tadi-swamp-memphis40339.JPG,tadi-swamp-memphis40339
50409tadi-swamp-memphis40340.JPG,50409,tadi-swamp-memphis,40340,baskauf,40,340,,h50409tadi-swamp-memphis40340.JPG,tadi-swamp-memphis40340
50410brown-brk-ashburnham-maps616.jpg,50410,brown-brk-ashburnham-ma,ps616,,ps,616,,w50410brown-brk-ashburnham-maps616.jpg,brown-brk-ashburnham-maps616
50410mendon-vt0432dr649.jpg,50410,mendon-vt0432,dr649,,dr,649,,w50410mendon-vt0432dr649.jpg,mendon-vt0432dr649
50410mendon-vt0436dr650.jpg,50410,mendon-vt0436,dr650,,dr,650,,w50410mendon-vt0436dr650.jpg,mendon-vt0436dr650
50410mendon-vt0439dr651.jpg,50410,mendon-vt0439,dr651,,dr,651,,w50410mendon-vt0439dr651.jpg,mendon-vt0439dr651
50410ottauquechee-river0428dr646.jpg,50410,ottauquechee-river0428,dr646,,dr,646,,w50410ottauquechee-river0428dr646.jpg,ottauquechee-river0428dr646
50410ottauquechee-river0429dr647.jpg,50410,ottauquechee-river0429,dr647,,dr,647,,w50410ottauquechee-river0429dr647.jpg,ottauquechee-river0429dr647
50410ottauquechee-river0430dr648.jpg,50410,ottauquechee-river0430,dr648,,dr,648,,w50410ottauquechee-river0430dr648.jpg,ottauquechee-river0430dr648
50410white-mts-mke138.jpg,50410,white-mts-m,ke138,,ke,138,,w50410white-mts-mke138.jpg,white-mts-mke138
50410white-mts-mke139.jpg,50410,white-mts-m,ke139,,ke,139,,w50410white-mts-mke139.jpg,white-mts-mke139
50411bucktoe-creek-tract084053dg614.jpg,50411,bucktoe-creek-tract084053,dg614,,dg,614,,w50411bucktoe-creek-tract084053dg614.jpg,bucktoe-creek-tract084053dg614
50411bucktoe-creek-tract085136dg615.jpg,50411,bucktoe-creek-tract085136,dg615,,dg,615,,w50411bucktoe-creek-tract085136dg615.jpg,bucktoe-creek-tract085136dg615
50411bucktoe-creek-tract101143dg615.jpg,50411,bucktoe-creek-tract101143,dg615,,dg,615,,w50411bucktoe-creek-tract101143dg615.jpg,bucktoe-creek-tract101143dg615
50412boxley-ar0438rt630.jpg,50412,boxley-ar0438,rt630,,rt,630,,w50412boxley-ar0438rt630.jpg,boxley-ar0438rt630
50412cass-ar0421rt631.jpg,50412,cass-ar0421,rt631,,rt,631,,w50412cass-ar0421rt631.jpg,cass-ar0421rt631
50412cass-ar0423rt632.jpg,50412,cass-ar0423,rt632,,rt,632,,w50412cass-ar0423rt632.jpg,cass-ar0423rt632
50412collier-lookoff-buffalo-nr3478rt633.jpg,50412,collier-lookoff-buffalo-nr3478,rt633,,rt,633,,w50412collier-lookoff-buffalo-nr3478rt633.jpg,collier-lookoff-buffalo-nr3478rt633
50412gap-grnd-entrance-gilbert-arrt634.jpg,50412,gap-grnd-entrance-gilbert-ar,rt634,,rt,634,,w50412gap-grnd-entrance-gilbert-arrt634.jpg,gap-grnd-entrance-gilbert-arrt634
50412hartshorne-ok0379rt635.jpg,50412,hartshorne-ok0379,rt635,,rt,635,,w50412hartshorne-ok0379rt635.jpg,hartshorne-ok0379rt635
50412horse-thief-spr0407rt636.jpg,50412,horse-thief-spr0407,rt636,,rt,636,,w50412horse-thief-spr0407rt636.jpg,horse-thief-spr0407rt636
50412hwy23-ar0431rt637.jpg,50412,hwy23-ar0431,rt637,,rt,637,,w50412hwy23-ar0431rt637.jpg,hwy23-ar0431rt637
50412kerr-botanical-ctr0415rt638.jpg,50412,kerr-botanical-ctr0415,rt638,,rt,638,,w50412kerr-botanical-ctr0415rt638.jpg,kerr-botanical-ctr0415rt638
50412lenox-vista0404rt639.jpg,50412,lenox-vista0404,rt639,,rt,639,,w50412lenox-vista0404rt639.jpg,lenox-vista0404rt639
50412osborne-r-searcy-co-ar1068rt640.jpg,50412,osborne-r-searcy-co-ar1068,rt640,,rt,640,,w50412osborne-r-searcy-co-ar1068rt640.jpg,osborne-r-searcy-co-ar1068rt640
50412ouachita-trail0391rt641.jpg,50412,ouachita-trail0391,rt641,,rt,641,,w50412ouachita-trail0391rt641.jpg,ouachita-trail0391rt641
50412searcy-co-ar1055rt630642.jpg,50412,searcy-co-ar1055rt6,30642,,30,642,,w50412searcy-co-ar1055rt630642.jpg,searcy-co-ar1055rt630642
50412talihina-ok0380rt643.jpg,50412,talihina-ok0380,rt643,,rt,643,,w50412talihina-ok0380rt643.jpg,talihina-ok0380rt643
50412talimena-drive0397rt644.jpg,50412,talimena-drive0397,rt644,,rt,644,,w50412talimena-drive0397rt644.jpg,talimena-drive0397rt644
50412tomahawk-rd-searcy-co-ar2163rt645.jpg,50412,tomahawk-rd-searcy-co-ar2163,rt645,,rt,645,,w50412tomahawk-rd-searcy-co-ar2163rt645.jpg,tomahawk-rd-searcy-co-ar2163rt645
,,,,,,,,w50413-76910.jpg,
,,,,,,,,w50413-76911.jpg,
50413agriculture57404.jpg,50413,agriculture,57404,,57,404,,w50413agriculture57404.jpg,agriculture57404
50413agriculture57405.jpg,50413,agriculture,57405,,57,405,,w50413agriculture57405.jpg,agriculture57405
50413aiken-gopher-tortise57475.jpg,50413,aiken-gopher-tortise,57475,,57,475,,w50413aiken-gopher-tortise57475.jpg,aiken-gopher-tortise57475
50413aiken-gopher-tortise57476.jpg,50413,aiken-gopher-tortise,57476,,57,476,,w50413aiken-gopher-tortise57476.jpg,aiken-gopher-tortise57476
50413aiken-gopher-tortise57569.jpg,50413,aiken-gopher-tortise,57569,,57,569,,w50413aiken-gopher-tortise57569.jpg,aiken-gopher-tortise57569
50413aiken-sp-creek57466.jpg,50413,aiken-sp-creek,57466,,57,466,,w50413aiken-sp-creek57466.jpg,aiken-sp-creek57466
50413aiken-sp-creek57471.jpg,50413,aiken-sp-creek,57471,,57,471,,w50413aiken-sp-creek57471.jpg,aiken-sp-creek57471
50413aiken-sp-creek57473.jpg,50413,aiken-sp-creek,57473,,57,473,,w50413aiken-sp-creek57473.jpg,aiken-sp-creek57473
50413aiken-sp-creek57474.jpg,50413,aiken-sp-creek,57474,,57,474,,w50413aiken-sp-creek57474.jpg,aiken-sp-creek57474
50413aiken-sp-stream57410.jpg,50413,aiken-sp-stream,57410,,57,410,,w50413aiken-sp-stream57410.jpg,aiken-sp-stream57410
50413aiken-sp-stream57411.jpg,50413,aiken-sp-stream,57411,,57,411,,w50413aiken-sp-stream57411.jpg,aiken-sp-stream57411
50413aiken-sp-stream57414.jpg,50413,aiken-sp-stream,57414,,57,414,,w50413aiken-sp-stream57414.jpg,aiken-sp-stream57414
50413logging57399.jpg,50413,logging,57399,,57,399,,w50413logging57399.jpg,logging57399
50413logging57400.jpg,50413,logging,57400,,57,400,,w50413logging57400.jpg,logging57400
50413piedmont57229.jpg,50413,piedmont,57229,,57,229,,w50413piedmont57229.jpg,piedmont57229
50413piedmont57231.jpg,50413,piedmont,57231,,57,231,,w50413piedmont57231.jpg,piedmont57231
50413replant57397.jpg,50413,replant,57397,,57,397,,w50413replant57397.jpg,replant57397
50413replant57407.jpg,50413,replant,57407,,57,407,,w50413replant57407.jpg,replant57407
50413s-quadrangula-habitatkm230.jpg,50413,s-quadrangula-habitat,km230,,km,230,"granitic outcropping, between Athens and Atlanta, GA",h50413s-quadrangula-habitatkm230.jpg,s-quadrangula-habitatkm230
50413sc57234.jpg,50413,sc,57234,,57,234,,w50413sc57234.jpg,sc57234
50413shealys-pond57269.jpg,50413,shealys-pond,57269,,57,269,,w50413shealys-pond57269.jpg,shealys-pond57269
50413shealys-pond57270.jpg,50413,shealys-pond,57270,,57,270,,w50413shealys-pond57270.jpg,shealys-pond57270
50413shealys-pond57271.jpg,50413,shealys-pond,57271,,57,271,,w50413shealys-pond57271.jpg,shealys-pond57271
50413shealys-pond57275.jpg,50413,shealys-pond,57275,,57,275,,w50413shealys-pond57275.jpg,shealys-pond57275
50413sumpter-nf57235.jpg,50413,sumpter-nf,57235,,57,235,,w50413sumpter-nf57235.jpg,sumpter-nf57235
50413sumpter-nf57242.jpg,50413,sumpter-nf,57242,,57,242,,w50413sumpter-nf57242.jpg,sumpter-nf57242
50413sumpter-nf57243.jpg,50413,sumpter-nf,57243,,57,243,,w50413sumpter-nf57243.jpg,sumpter-nf57243
50413sumpter-nf57247.jpg,50413,sumpter-nf,57247,,57,247,,w50413sumpter-nf57247.jpg,sumpter-nf57247
50413sumpter-nf57251.jpg,50413,sumpter-nf,57251,,57,251,,w50413sumpter-nf57251.jpg,sumpter-nf57251
50414black-swamp-crops35588.jpg,50414,black-swamp-crops,35588,baskauf,35,588,,w50414black-swamp-crops35588.jpg,black-swamp-crops35588
50414black-swamp-ditch35592.jpg,50414,black-swamp-ditch,35592,baskauf,35,592,,w50414black-swamp-ditch35592.jpg,black-swamp-ditch35592
50414bluffton-woods35413.jpg,50414,bluffton-woods,35413,baskauf,35,413,,w50414bluffton-woods35413.jpg,bluffton-woods35413
50414dune-veg-mke179.jpg,50414,dune-veg-m,ke179,,ke,179,,w50414dune-veg-mke179.jpg,dune-veg-mke179
50414dunes-mke177.jpg,50414,dunes-m,ke177,,ke,177,,w50414dunes-mke177.jpg,dunes-mke177
50414mud-lk-bog-mke130.jpg,50414,mud-lk-bog-m,ke130,,ke,130,,w50414mud-lk-bog-mke130.jpg,mud-lk-bog-mke130
50414mud-lk-bog-mke131.jpg,50414,mud-lk-bog-m,ke131,,ke,131,,w50414mud-lk-bog-mke131.jpg,mud-lk-bog-mke131
50414pt-pelee-mke168.jpg,50414,pt-pelee-m,ke168,,ke,168,,w50414pt-pelee-mke168.jpg,pt-pelee-mke168
50414pt-pelee-mke169.jpg,50414,pt-pelee-m,ke169,,ke,169,,w50414pt-pelee-mke169.jpg,pt-pelee-mke169
50415cc2-savannarv181.JPG,50415,cc2-savanna,rv181,,rv,181,"quality savanna, Cedar Creek LTER, MN",h50415cc2-savannarv181.JPG,cc2-savannarv181
50415hardwood-swamph5000.jpg,50415,hardwood-swamp,h5000,,h5,0,,h50415hardwood-swamph5000.jpg,hardwood-swamph5000
50415lake-sedge-meadowh5001.jpg,50415,lake-sedge-meadow,h5001,,h5,1,,w50415lake-sedge-meadowh5001.jpg,lake-sedge-meadowh5001
50415oak-savannah5002.jpg,50415,oak-savanna,h5002,,h5,2,,h50415oak-savannah5002.jpg,oak-savannah5002
50415wet-prairie-rich-fen2h5003.jpg,50415,wet-prairie-rich-fen2,h5003,,h5,3,,w50415wet-prairie-rich-fen2h5003.jpg,wet-prairie-rich-fen2h5003
50415wet-prairie-rich-fenh5005.jpg,50415,wet-prairie-rich-fen,h5005,,h5,5,,h50415wet-prairie-rich-fenh5005.jpg,wet-prairie-rich-fenh5005
50415wisconsin-dellsjb402.jpg,50415,wisconsin-dells,jb402,,jb,402,,w50415wisconsin-dellsjb402.jpg,wisconsin-dellsjb402
50416black-spruce-and-fenh5006.jpg,50416,black-spruce-and-fen,h5006,,h5,6,,w50416black-spruce-and-fenh5006.jpg,black-spruce-and-fenh5006
50416patterned-peatland2h5008.jpg,50416,patterned-peatland2,h5008,,h5,8,,w50416patterned-peatland2h5008.jpg,patterned-peatland2h5008
50416patterned-peatlandh5009.jpg,50416,patterned-peatland,h5009,,h5,9,,w50416patterned-peatlandh5009.jpg,patterned-peatlandh5009
50416poor-and-rich-fenh5007.jpg,50416,poor-and-rich-fen,h5007,,h5,7,,w50416poor-and-rich-fenh5007.jpg,poor-and-rich-fenh5007
50416superior-north-shore2h5010.jpg,50416,superior-north-shore2,h5010,,h5,10,,h50416superior-north-shore2h5010.jpg,superior-north-shore2h5010
50416superior-north-shoreh5011.jpg,50416,superior-north-shore,h5011,,h5,11,,h50416superior-north-shoreh5011.jpg,superior-north-shoreh5011
50417arbutus42334.JPG,50417,arbutus,42334,baskauf,42,334,,h50417arbutus42334.JPG,arbutus42334
50417field-grove41767.JPG,50417,field-grove,41767,baskauf,41,767,,h50417field-grove41767.JPG,field-grove41767
50417field41769.JPG,50417,field,41769,baskauf,41,769,,h50417field41769.JPG,field41769
50417grassland42359.JPG,50417,grassland,42359,baskauf,42,359,,h50417grassland42359.JPG,grassland42359
50417grassland42366.JPG,50417,grassland,42366,baskauf,42,366,,h50417grassland42366.JPG,grassland42366
50417hay42354.JPG,50417,hay,42354,baskauf,42,354,,h50417hay42354.JPG,hay42354
50417mixed-conifer-hard41808.JPG,50417,mixed-conifer-hard,41808,baskauf,41,808,,h50417mixed-conifer-hard41808.JPG,mixed-conifer-hard41808
50417mixed-conifer-hard41843.JPG,50417,mixed-conifer-hard,41843,baskauf,41,843,,h50417mixed-conifer-hard41843.JPG,mixed-conifer-hard41843
50417mixed-forest42330.JPG,50417,mixed-forest,42330,baskauf,42,330,,h50417mixed-forest42330.JPG,mixed-forest42330
50417oaks42343.JPG,50417,oaks,42343,baskauf,42,343,,h50417oaks42343.JPG,oaks42343
50417oaks42348.JPG,50417,oaks,42348,baskauf,42,348,,h50417oaks42348.JPG,oaks42348
50417savanna42341.JPG,50417,savanna,42341,baskauf,42,341,,h50417savanna42341.JPG,savanna42341
50417savanna42342.JPG,50417,savanna,42342,baskauf,42,342,,h50417savanna42342.JPG,savanna42342
50417slope42353.JPG,50417,slope,42353,baskauf,42,353,,h50417slope42353.JPG,slope42353
50417woods41772.JPG,50417,woods,41772,baskauf,41,772,,h50417woods41772.JPG,woods41772
50417woods41778.JPG,50417,woods,41778,baskauf,41,778,,h50417woods41778.JPG,woods41778
50417woods42327.JPG,50417,woods,42327,baskauf,42,327,,h50417woods42327.JPG,woods42327
505011214dd313.JPG,50501,1214,dd313,,dd,313,AB near Banff,w505011214dd313.JPG,1214dd313
505011216dd314.JPG,50501,1216,dd314,,dd,314,AB near Banff,w505011216dd314.JPG,1216dd314
50501banff-np08sb215.jpg,50501,banff-np08,sb215,,sb,215,"vegetation, Banff NP, Alberta",h50501banff-np08sb215.jpg,banff-np08sb215
50501banff-trees07sb214.jpg,50501,banff-trees07,sb214,,sb,214,"forest, Banff NP, Alberta",h50501banff-trees07sb214.jpg,banff-trees07sb214
50501jasper-np09sb216.jpg,50501,jasper-np09,sb216,,sb,216,"Jasper NP, Alberta",h50501jasper-np09sb216.jpg,jasper-np09sb216
50501l-louise04sb213.jpg,50501,l-louise04,sb213,,sb,213,"Lake Louise, Banff NP, Alberta",h50501l-louise04sb213.jpg,l-louise04sb213
50502west-edmonton-c20sb286.jpg,50502,west-edmonton-c20,sb286,,sb,286,,w50502west-edmonton-c20sb286.jpg,west-edmonton-c20sb286
50503chaparral-mke119.jpg,50503,chaparral-m,ke119,,ke,119,,w50503chaparral-mke119.jpg,chaparral-mke119
50503oak-cr-canyon-mke051.jpg,50503,oak-cr-canyon-m,ke051,,ke,51,,w50503oak-cr-canyon-mke051.jpg,oak-cr-canyon-mke051
50503oak-cr-canyon-mke055.jpg,50503,oak-cr-canyon-m,ke055,,ke,55,,w50503oak-cr-canyon-mke055.jpg,oak-cr-canyon-mke055
50503treeline-mke068.jpg,50503,treeline-m,ke068,,ke,68,,w50503treeline-mke068.jpg,treeline-mke068
50503treeline-mke069.jpg,50503,treeline-m,ke069,,ke,69,,w50503treeline-mke069.jpg,treeline-mke069
50504stafford-forge-wmadd347.jpg,50504,stafford-forge-wma,dd347,,dd,347,"pine barrens, Stafford Forge WMA, Ocean Co., NJ",w50504stafford-forge-wmadd347.jpg,stafford-forge-wmadd347
,,,,,,,,w50505-1627.jpg,
,,,,,,,,w50505-4059.jpg,
,,,,,,,,w50505-camas-meadow.jpg,
,,,,,,,,w50505-pr12.jpg,
,,,,,,,,w50505-pr27.jpg,
50506bc1199dd321.JPG,50506,bc1199,dd321,,dd,321,BC Northern Cascades,w50506bc1199dd321.JPG,bc1199dd321
50506bc1200dd322.JPG,50506,bc1200,dd322,,dd,322,BC Northern Cascades,w50506bc1200dd322.JPG,bc1200dd322
50506bc1201dd323.JPG,50506,bc1201,dd323,,dd,323,BC Northern Cascades,w50506bc1201dd323.JPG,bc1201dd323
50506bc1203dd324.JPG,50506,bc1203,dd324,,dd,324,BC Northern Cascades,w50506bc1203dd324.JPG,bc1203dd324
50506bc1205dd325.JPG,50506,bc1205,dd325,,dd,325,BC Northern Cascades,w50506bc1205dd325.JPG,bc1205dd325
50506bc1206dd326.JPG,50506,bc1206,dd326,,dd,326,BC Northern Cascades,w50506bc1206dd326.JPG,bc1206dd326
50506bc1208dd327.JPG,50506,bc1208,dd327,,dd,327,BC Northern Cascades,w50506bc1208dd327.JPG,bc1208dd327
50506bc1209dd328.JPG,50506,bc1209,dd328,,dd,328,BC Northern Cascades,w50506bc1209dd328.JPG,bc1209dd328
50506bc1210dd329.JPG,50506,bc1210,dd329,,dd,329,BC Northern Cascades,w50506bc1210dd329.JPG,bc1210dd329
50506bc1211dd330.JPG,50506,bc1211,dd330,,dd,330,BC Northern Cascades,w50506bc1211dd330.JPG,bc1211dd330
50506bc1212dd331.JPG,50506,bc1212,dd331,,dd,331,BC Northern Cascades,w50506bc1212dd331.JPG,bc1212dd331
50506bc1213dd332.JPG,50506,bc1213,dd332,,dd,332,BC Northern Cascades,w50506bc1213dd332.JPG,bc1213dd332
50506olympic41117.JPG,50506,olympic,41117,baskauf,41,117,,h50506olympic41117.JPG,olympic41117
50506olympic41123.JPG,50506,olympic,41123,baskauf,41,123,,h50506olympic41123.JPG,olympic41123
50506olympic41127.JPG,50506,olympic,41127,baskauf,41,127,,h50506olympic41127.JPG,olympic41127
50506olympic41133.JPG,50506,olympic,41133,baskauf,41,133,,h50506olympic41133.JPG,olympic41133
50506olympic41136.JPG,50506,olympic,41136,baskauf,41,136,,h50506olympic41136.JPG,olympic41136
50506olympic41138.JPG,50506,olympic,41138,baskauf,41,138,,h50506olympic41138.JPG,olympic41138
50506olympic41142.JPG,50506,olympic,41142,baskauf,41,142,,h50506olympic41142.JPG,olympic41142
50506olympic41188.JPG,50506,olympic,41188,baskauf,41,188,,h50506olympic41188.JPG,olympic41188
50506olympic41190.JPG,50506,olympic,41190,baskauf,41,190,,h50506olympic41190.JPG,olympic41190
50506olympic41215.JPG,50506,olympic,41215,baskauf,41,215,,h50506olympic41215.JPG,olympic41215
50506olympic41253.JPG,50506,olympic,41253,baskauf,41,253,,h50506olympic41253.JPG,olympic41253
50506olympic41285.JPG,50506,olympic,41285,baskauf,41,285,,h50506olympic41285.JPG,olympic41285
50506olympic41304.JPG,50506,olympic,41304,baskauf,41,304,,h50506olympic41304.JPG,olympic41304
50506olympic41393.JPG,50506,olympic,41393,baskauf,41,393,,h50506olympic41393.JPG,olympic41393
50506ross-lake-nra43201.JPG,50506,ross-lake-nra,43201,baskauf,43,201,,h50506ross-lake-nra43201.JPG,ross-lake-nra43201
50506ross-lake-nra43206.JPG,50506,ross-lake-nra,43206,baskauf,43,206,,h50506ross-lake-nra43206.JPG,ross-lake-nra43206
50506ross-lake-nra43223.JPG,50506,ross-lake-nra,43223,baskauf,43,223,,h50506ross-lake-nra43223.JPG,ross-lake-nra43223
50506ross-lake42927.JPG,50506,ross-lake,42927,baskauf,42,927,,h50506ross-lake42927.JPG,ross-lake42927
50506ross-lake42931.JPG,50506,ross-lake,42931,baskauf,42,931,,h50506ross-lake42931.JPG,ross-lake42931
50506ross-lake42932.JPG,50506,ross-lake,42932,baskauf,42,932,,h50506ross-lake42932.JPG,ross-lake42932
50506skagit-r-riparian43225.JPG,50506,skagit-r-riparian,43225,baskauf,43,225,,h50506skagit-r-riparian43225.JPG,skagit-r-riparian43225
50506skagit-river43228.JPG,50506,skagit-river,43228,baskauf,43,228,,h50506skagit-river43228.JPG,skagit-river43228
50507dead-spruce43014.JPG,50507,dead-spruce,43014,baskauf,43,14,,h50507dead-spruce43014.JPG,dead-spruce43014
50507dry-slope43027.JPG,50507,dry-slope,43027,baskauf,43,27,,h50507dry-slope43027.JPG,dry-slope43027
50507dry-slope43028.JPG,50507,dry-slope,43028,baskauf,43,28,,h50507dry-slope43028.JPG,dry-slope43028
50507icicle-canyon42433.JPG,50507,icicle-canyon,42433,baskauf,42,433,,h50507icicle-canyon42433.JPG,icicle-canyon42433
50507icicle-creek42472.JPG,50507,icicle-creek,42472,baskauf,42,472,,h50507icicle-creek42472.JPG,icicle-creek42472
50507icicle-creek42480.JPG,50507,icicle-creek,42480,baskauf,42,480,,h50507icicle-creek42480.JPG,icicle-creek42480
50507icicle-riparian42592.JPG,50507,icicle-riparian,42592,baskauf,42,592,,h50507icicle-riparian42592.JPG,icicle-riparian42592
50507icicle-riparian42601.JPG,50507,icicle-riparian,42601,baskauf,42,601,,h50507icicle-riparian42601.JPG,icicle-riparian42601
50507okanogan-nf42919.JPG,50507,okanogan-nf,42919,baskauf,42,919,,h50507okanogan-nf42919.JPG,okanogan-nf42919
50507okanogan-nf42921.JPG,50507,okanogan-nf,42921,baskauf,42,921,,h50507okanogan-nf42921.JPG,okanogan-nf42921
50507okanogan-nf42922.JPG,50507,okanogan-nf,42922,baskauf,42,922,,h50507okanogan-nf42922.JPG,okanogan-nf42922
50507okanogin-nf43020.JPG,50507,okanogin-nf,43020,baskauf,43,20,,h50507okanogin-nf43020.JPG,okanogin-nf43020
50507ponderosa-fire42739.JPG,50507,ponderosa-fire,42739,baskauf,42,739,,h50507ponderosa-fire42739.JPG,ponderosa-fire42739
50507pondorosa42426.JPG,50507,pondorosa,42426,baskauf,42,426,,h50507pondorosa42426.JPG,pondorosa42426
50507wa05320.jpg,50507,wa,5320,,5,320,,w50507wa05320.jpg,wa05320
50507wa05405.jpg,50507,wa,5405,,5,405,,w50507wa05405.jpg,wa05405
50507washington-pass42923.JPG,50507,washington-pass,42923,baskauf,42,923,,h50507washington-pass42923.JPG,washington-pass42923
50507washington-pass42925.JPG,50507,washington-pass,42925,baskauf,42,925,,h50507washington-pass42925.JPG,washington-pass42925
50507washington-pass42926.JPG,50507,washington-pass,42926,baskauf,42,926,,h50507washington-pass42926.JPG,washington-pass42926
50508columbia-r-slope42385.JPG,50508,columbia-r-slope,42385,baskauf,42,385,,h50508columbia-r-slope42385.JPG,columbia-r-slope42385
50508columbia-r-slope42386.JPG,50508,columbia-r-slope,42386,baskauf,42,386,,h50508columbia-r-slope42386.JPG,columbia-r-slope42386
50508columbia-r-slope42387.JPG,50508,columbia-r-slope,42387,baskauf,42,387,,h50508columbia-r-slope42387.JPG,columbia-r-slope42387
50508columbia-r-slope42388.JPG,50508,columbia-r-slope,42388,baskauf,42,388,,h50508columbia-r-slope42388.JPG,columbia-r-slope42388
50508columbia-r-slope42390.JPG,50508,columbia-r-slope,42390,baskauf,42,390,,h50508columbia-r-slope42390.JPG,columbia-r-slope42390
50508hoodoo1193dd334.JPG,50508,hoodoo1193,dd334,,dd,334,"Hodoo ski resort, Linn Co., Oregon",w50508hoodoo1193dd334.JPG,hoodoo1193dd334
50508hoodoo1194dd335.JPG,50508,hoodoo1194,dd335,,dd,335,"Hodoo ski resort, Linn Co., Oregon",w50508hoodoo1194dd335.JPG,hoodoo1194dd335
50508multnomah-falls42382.JPG,50508,multnomah-falls,42382,baskauf,42,382,,h50508multnomah-falls42382.JPG,multnomah-falls42382
50508ranierjb190.jpg,50508,ranier,jb190,,jb,190,"Mt. Adams from slope of Mt. Ranier, WA",h50508ranierjb190.jpg,ranierjb190
50510clearcut41441.JPG,50510,clearcut,41441,baskauf,41,441,,h50510clearcut41441.JPG,clearcut41441
50510clearcut41579.JPG,50510,clearcut,41579,baskauf,41,579,,h50510clearcut41579.JPG,clearcut41579
50510coast-mist41478.JPG,50510,coast-mist,41478,baskauf,41,478,,h50510coast-mist41478.JPG,coast-mist41478
50510coast-mist41565.JPG,50510,coast-mist,41565,baskauf,41,565,,h50510coast-mist41565.JPG,coast-mist41565
50510coast-mist41569.JPG,50510,coast-mist,41569,baskauf,41,569,,h50510coast-mist41569.JPG,coast-mist41569
50510coast41450.JPG,50510,coast,41450,baskauf,41,450,,h50510coast41450.JPG,coast41450
50510coast41454.JPG,50510,coast,41454,baskauf,41,454,,h50510coast41454.JPG,coast41454
50510crescent-lake41072.JPG,50510,crescent-lake,41072,baskauf,41,72,,h50510crescent-lake41072.JPG,crescent-lake41072
50510crescent-lake41073.JPG,50510,crescent-lake,41073,baskauf,41,73,,h50510crescent-lake41073.JPG,crescent-lake41073
50510crescent-lake41078.JPG,50510,crescent-lake,41078,baskauf,41,78,,h50510crescent-lake41078.JPG,crescent-lake41078
50510hall-of-mosses-hohjb398.jpg,50510,hall-of-mosses-hoh,jb398,,jb,398,,w50510hall-of-mosses-hohjb398.jpg,hall-of-mosses-hohjb398
50510hoh-forest40706.JPG,50510,hoh-forest,40706,baskauf,40,706,,h50510hoh-forest40706.JPG,hoh-forest40706
50510hoh-river40529.JPG,50510,hoh-river,40529,baskauf,40,529,,h50510hoh-river40529.JPG,hoh-river40529
50510hoh-river40535.JPG,50510,hoh-river,40535,baskauf,40,535,,h50510hoh-river40535.JPG,hoh-river40535
50510hoh-river40537.JPG,50510,hoh-river,40537,baskauf,40,537,,h50510hoh-river40537.JPG,hoh-river40537
50510hoh-salmon40565.JPG,50510,hoh-salmon,40565,baskauf,40,565,,h50510hoh-salmon40565.JPG,hoh-salmon40565
50510hoh-stream40563.JPG,50510,hoh-stream,40563,baskauf,40,563,,h50510hoh-stream40563.JPG,hoh-stream40563
50510lake-quinault41726.JPG,50510,lake-quinault,41726,baskauf,41,726,,h50510lake-quinault41726.JPG,lake-quinault41726
50510lake-quinault41744.JPG,50510,lake-quinault,41744,baskauf,41,744,,h50510lake-quinault41744.JPG,lake-quinault41744
50510moss40631.JPG,50510,moss,40631,baskauf,40,631,,h50510moss40631.JPG,moss40631
50510nurse-log-mke109.jpg,50510,nurse-log-m,ke109,,ke,109,,w50510nurse-log-mke109.jpg,nurse-log-mke109
50510old-nurse-hohjb399.jpg,50510,old-nurse-hoh,jb399,,jb,399,,w50510old-nurse-hohjb399.jpg,old-nurse-hohjb399
50510sword-fern-mke108.jpg,50510,sword-fern-m,ke108,,ke,108,,w50510sword-fern-mke108.jpg,sword-fern-mke108
50510tree-farm-sign41439.JPG,50510,tree-farm-sign,41439,baskauf,41,439,,h50510tree-farm-sign41439.JPG,tree-farm-sign41439
50510tree-farm41440.JPG,50510,tree-farm,41440,baskauf,41,440,,h50510tree-farm41440.JPG,tree-farm41440
50510young-nurse-hohjb405.jpg,50510,young-nurse-hoh,jb405,,jb,405,,w50510young-nurse-hohjb405.jpg,young-nurse-hohjb405
505110949dd338.JPG,50511,949,dd338,,dd,338,"continental divide, Hinsdale Co., CO",w505110949dd338.JPG,0949dd338
505110951dd339.JPG,50511,951,dd339,,dd,339,"continental divide, Hinsdale Co., CO",w505110951dd339.JPG,0951dd339
505110952dd340.JPG,50511,952,dd340,,dd,340,"continental divide, Hinsdale Co., CO",w505110952dd340.JPG,0952dd340
505110953dd341.JPG,50511,953,dd341,,dd,341,"continental divide, Hinsdale Co., CO",w505110953dd341.JPG,0953dd341
505110956dd342.JPG,50511,956,dd342,,dd,342,"continental divide, Hinsdale Co., CO",w505110956dd342.JPG,0956dd342
50511emerald-lake-mke058.jpg,50511,emerald-lake-m,ke058,,ke,58,,w50511emerald-lake-mke058.jpg,emerald-lake-mke058
50511independence-pass1105dd337.JPG,50511,independence-pass1105,dd337,,dd,337,"Independence Pass, Colorado",w50511independence-pass1105dd337.JPG,independence-pass1105dd337
50511jemez-mts-nm0964dd364.JPG,50511,jemez-mts-nm0964,dd364,,dd,364,"Jemez Mountains, NM",w50511jemez-mts-nm0964dd364.JPG,jemez-mts-nm0964dd364
50511loveland-mke067.jpg,50511,loveland-m,ke067,,ke,67,,w50511loveland-mke067.jpg,loveland-mke067
50511mke060.jpg,50511,m,ke060,,ke,60,,w50511mke060.jpg,mke060
50511mke061.jpg,50511,m,ke061,,ke,61,,w50511mke061.jpg,mke061
50511mt-park-mke117.jpg,50511,mt-park-m,ke117,,ke,117,,w50511mt-park-mke117.jpg,mt-park-mke117
50511pinyon-juniper-mke050.jpg,50511,pinyon-juniper-m,ke050,,ke,50,,w50511pinyon-juniper-mke050.jpg,pinyon-juniper-mke050
50511rmnp-mke072.jpg,50511,rmnp-m,ke072,,ke,72,,w50511rmnp-mke072.jpg,rmnp-mke072
50511rmnp-viver-mke056.jpg,50511,rmnp-viver-m,ke056,,ke,56,,w50511rmnp-viver-mke056.jpg,rmnp-viver-mke056
50511snow-algae-mke073.jpg,50511,snow-algae-m,ke073,,ke,73,,w50511snow-algae-mke073.jpg,snow-algae-mke073
50511sub-alpine-mke057.jpg,50511,sub-alpine-m,ke057,,ke,57,,w50511sub-alpine-mke057.jpg,sub-alpine-mke057
50511tundra-mke070.jpg,50511,tundra-m,ke070,,ke,70,,w50511tundra-mke070.jpg,tundra-mke070
50511tundra-mke071.jpg,50511,tundra-m,ke071,,ke,71,,w50511tundra-mke071.jpg,tundra-mke071
50511veg-patterns-mke114.jpg,50511,veg-patterns-m,ke114,,ke,114,,w50511veg-patterns-mke114.jpg,veg-patterns-mke114
50511winter-mke054.jpg,50511,winter-m,ke054,,ke,54,,w50511winter-mke054.jpg,winter-mke054
50512brooks-s-p-wa42420.JPG,50512,brooks-s-p-wa,42420,baskauf,42,420,,h50512brooks-s-p-wa42420.JPG,brooks-s-p-wa42420
50512eastward-decline42398.JPG,50512,eastward-decline,42398,baskauf,42,398,,h50512eastward-decline42398.JPG,eastward-decline42398
50512eastward-decline42402.JPG,50512,eastward-decline,42402,baskauf,42,402,,h50512eastward-decline42402.JPG,eastward-decline42402
50512mt-shasta1190dd333.JPG,50512,mt-shasta1190,dd333,,dd,333,CA Mt. Shasta,w50512mt-shasta1190dd333.JPG,mt-shasta1190dd333
50512n-facing-slope42395.JPG,50512,n-facing-slope,42395,baskauf,42,395,,h50512n-facing-slope42395.JPG,n-facing-slope42395
50512near-shrub-far42404.JPG,50512,near-shrub-far,42404,baskauf,42,404,,h50512near-shrub-far42404.JPG,near-shrub-far42404
50512near-shrub-near42403.JPG,50512,near-shrub-near,42403,baskauf,42,403,,h50512near-shrub-near42403.JPG,near-shrub-near42403
50512outcrop42397.JPG,50512,outcrop,42397,baskauf,42,397,,h50512outcrop42397.JPG,outcrop42397
50512s-facing-slope42393.JPG,50512,s-facing-slope,42393,baskauf,42,393,,h50512s-facing-slope42393.JPG,s-facing-slope42393
50512s-of-yakima-wa42417.JPG,50512,s-of-yakima-wa,42417,baskauf,42,417,,h50512s-of-yakima-wa42417.JPG,s-of-yakima-wa42417
50512s-of-yakima-wa42418.JPG,50512,s-of-yakima-wa,42418,baskauf,42,418,,h50512s-of-yakima-wa42418.JPG,s-of-yakima-wa42418
50512s-of-yakima-wa42419.JPG,50512,s-of-yakima-wa,42419,baskauf,42,419,,h50512s-of-yakima-wa42419.JPG,s-of-yakima-wa42419
50513pielks566.jpg,50513,piel,ks566,,ks,566,,w50513pielks566.jpg,pielks566
50513pipa2ks567.jpg,50513,pipa2,ks567,,ks,567,,w50513pipa2ks567.jpg,pipa2ks567
,,,,,,,,w50515-68983.jpg,
,,,,,,,,w50515-69164.jpg,
,,,,,,,,w50515-69169.jpg,
,,,,,,,,w50515-69192.jpg,
,,,,,,,,w50515-69258.jpg,
,,,,,,,,w50515-69270.jpg,
50515bristlecone-cs--394.jpg,50515,bristlecone-cs,--394,,--,394,bristlecone pine cs from U of A tree ring lab (slide scan),w50515bristlecone-cs--394.jpg,bristlecone-cs--394
50515bristlecone-long-cs--393.jpg,50515,bristlecone-long-cs,--393,,--,393,bristlecone pine cs from U of A tree ring lab (slide scan),w50515bristlecone-long-cs--393.jpg,bristlecone-long-cs--393
50515pilo-forest-inyo-co1dd385.JPG,50515,pilo-forest-inyo-co1,dd385,,dd,385,"Great Basin bristlecone pine forest,Hwy 168, Inyo Co., CA",w50515pilo-forest-inyo-co1dd385.JPG,pilo-forest-inyo-co1dd385
50515pilo-forest-inyo-co2dd386.JPG,50515,pilo-forest-inyo-co2,dd386,,dd,386,"Great Basin bristlecone pine forest,Hwy 168, Inyo Co., CA",w50515pilo-forest-inyo-co2dd386.JPG,pilo-forest-inyo-co2dd386
50516east-side-ore42318.JPG,50516,east-side-ore,42318,baskauf,42,318,,h50516east-side-ore42318.JPG,east-side-ore42318
50516east-side-ore42320.JPG,50516,east-side-ore,42320,baskauf,42,320,,h50516east-side-ore42320.JPG,east-side-ore42320
50516east-side-ore42324.JPG,50516,east-side-ore,42324,baskauf,42,324,,h50516east-side-ore42324.JPG,east-side-ore42324
50516humbolt-co.jpg,50516,humbo,lt-co,,lt,-co,,w50516humbolt-co.jpg,humbolt-co
50516pine42321.JPG,50516,pine,42321,baskauf,42,321,,h50516pine42321.JPG,pine42321
50516west-slope-distant42314.JPG,50516,west-slope-distant,42314,baskauf,42,314,,h50516west-slope-distant42314.JPG,west-slope-distant42314
50516west-slope-near42316.JPG,50516,west-slope-near,42316,baskauf,42,316,,h50516west-slope-near42316.JPG,west-slope-near42316
50517after-burn-mke151.jpg,50517,after-burn-m,ke151,,ke,151,,w50517after-burn-mke151.jpg,after-burn-mke151
50517assateagueP1010003dd336.JPG,50517,assateagueP1010003,dd336,,dd,336,"coastal maritime forest and dunes, Assateague Island, MD",w50517assateagueP1010003dd336.JPG,assateagueP1010003dd336
50517fresh-burn-mke150.jpg,50517,fresh-burn-m,ke150,,ke,150,,w50517fresh-burn-mke150.jpg,fresh-burn-mke150
50517longleafa-summer-lk0023.jpg,50517,longleafa-summer-l,k0023,,k0,23,,w50517longleafa-summer-lk0023.jpg,longleafa-summer-lk0023
50517longlf-savan-mke148.jpg,50517,longlf-savan-m,ke148,,ke,148,,w50517longlf-savan-mke148.jpg,longlf-savan-mke148
50517mesic-savanna-grn-swmp-lk1207.jpg,50517,mesic-savanna-grn-swmp-l,k1207,,k1,207,,w50517mesic-savanna-grn-swmp-lk1207.jpg,mesic-savanna-grn-swmp-lk1207
50517pipa2-wpturkey-oak-lk0013.jpg,50517,pipa2-wpturkey-oak-l,k0013,,k0,13,,w50517pipa2-wpturkey-oak-lk0013.jpg,pipa2-wpturkey-oak-lk0013
50517tadi2-lk0001.jpg,50517,tadi2-l,k0001,,k0,1,,w50517tadi2-lk0001.jpg,tadi2-lk0001
50517tadi2-lk0002.jpg,50517,tadi2-l,k0002,,k0,2,,w50517tadi2-lk0002.jpg,tadi2-lk0002
50517tall-pocosin-lk0033.jpg,50517,tall-pocosin-l,k0033,,k0,33,,w50517tall-pocosin-lk0033.jpg,tall-pocosin-lk0033
50517turkey-oak-singletary-lakes-ncdd346.JPG,50517,turkey-oak-singletary-lakes-nc,dd346,,dd,346,"turkey oak sandhills, Singletary Lakes, Bladen Co., NC",w50517turkey-oak-singletary-lakes-ncdd346.JPG,turkey-oak-singletary-lakes-ncdd346
50518glacier1jb191.jpg,50518,glacier1,jb191,,jb,191,"Glacier Ntl. Pk., MT",h50518glacier1jb191.jpg,glacier1jb191
50518glacier2jb192.jpg,50518,glacier2,jb192,,jb,192,"Glacier Ntl. Pk., MT",h50518glacier2jb192.jpg,glacier2jb192
50518revelstoke-np10sb217.jpg,50518,revelstoke-np10,sb217,,sb,217,"western redcedar, Mt. Revelstoke NP, British Columbia",h50518revelstoke-np10sb217.jpg,revelstoke-np10sb217
50518sper-glac-trail1jb193.jpg,50518,sper-glac-trail1,jb193,,jb,193,"treeline, Sperry Glacier Trail, Glacier NP, MT",h50518sper-glac-trail1jb193.jpg,sper-glac-trail1jb193
50518sper-glac-trail2jb194.jpg,50518,sper-glac-trail2,jb194,,jb,194,"tundra, Sperry Glacier Trail, Glacier NP, MT",h50518sper-glac-trail2jb194.jpg,sper-glac-trail2jb194
50518sperry-glacierjb195.jpg,50518,sperry-glacier,jb195,,jb,195,"Sperry Glacier, Glacier NP, MT",h50518sperry-glacierjb195.jpg,sperry-glacierjb195
50518st-marys-peak-mt1221dd360.JPG,50518,st-marys-peak-mt1221,dd360,,dd,360,"St. Mary's Peak, n. of Missoula, MT",w50518st-marys-peak-mt1221dd360.JPG,st-marys-peak-mt1221dd360
50518st-marys-peak-mt1233dd361.JPG,50518,st-marys-peak-mt1233,dd361,,dd,361,"St. Mary's Peak, n. of Missoula, MT",w50518st-marys-peak-mt1233dd361.JPG,st-marys-peak-mt1233dd361
50518st-marys-peak-mt1234dd362.JPG,50518,st-marys-peak-mt1234,dd362,,dd,362,"St. Mary's Peak, n. of Missoula, MT",w50518st-marys-peak-mt1234dd362.JPG,st-marys-peak-mt1234dd362
50518st-marys-peak-mt1237dd363.JPG,50518,st-marys-peak-mt1237,dd363,,dd,363,"St. Mary's Peak, n. of Missoula, MT",w50518st-marys-peak-mt1237dd363.JPG,st-marys-peak-mt1237dd363
50519alder-thicket-belowD3987.JPG,50519,alder-thicket-below,D3987,baskauf,D3,987,,h50519alder-thicket-belowD3987.JPG,alder-thicket-belowD3987
50519alder-thicket-top42234.JPG,50519,alder-thicket-top,42234,baskauf,42,234,,h50519alder-thicket-top42234.JPG,alder-thicket-top42234
50519coast-fog42179.JPG,50519,coast-fog,42179,baskauf,42,179,,h50519coast-fog42179.JPG,coast-fog42179
50519coast-hill42225.JPG,50519,coast-hill,42225,baskauf,42,225,,h50519coast-hill42225.JPG,coast-hill42225
50519coast42141.JPG,50519,coast,42141,baskauf,42,141,,h50519coast42141.JPG,coast42141
50519coast42238.JPG,50519,coast,42238,baskauf,42,238,,h50519coast42238.JPG,coast42238
50519coast42260.JPG,50519,coast,42260,baskauf,42,260,,h50519coast42260.JPG,coast42260
50519forest-view41975.JPG,50519,forest-view,41975,baskauf,41,975,,h50519forest-view41975.JPG,forest-view41975
50519forest-view41977.JPG,50519,forest-view,41977,baskauf,41,977,,h50519forest-view41977.JPG,forest-view41977
50519forest42103.JPG,50519,forest,42103,baskauf,42,103,,h50519forest42103.JPG,forest42103
50519forest42126.JPG,50519,forest,42126,baskauf,42,126,,h50519forest42126.JPG,forest42126
50519redwood-tanoak41982.JPG,50519,redwood-tanoak,41982,baskauf,41,982,,h50519redwood-tanoak41982.JPG,redwood-tanoak41982
50519redwoodsjb400.jpg,50519,redwoods,jb400,,jb,400,,w50519redwoodsjb400.jpg,redwoodsjb400
50519shore42148.JPG,50519,shore,42148,baskauf,42,148,,h50519shore42148.JPG,shore42148
50519smith-r-fog42052.JPG,50519,smith-r-fog,42052,baskauf,42,52,,h50519smith-r-fog42052.JPG,smith-r-fog42052
50519smith-r-fog42056.JPG,50519,smith-r-fog,42056,baskauf,42,56,,h50519smith-r-fog42056.JPG,smith-r-fog42056
50519smith-river-clear42134.JPG,50519,smith-river-clear,42134,baskauf,42,134,,h50519smith-river-clear42134.JPG,smith-river-clear42134
50519smith-river41864.JPG,50519,smith-river,41864,baskauf,41,864,,h50519smith-river41864.JPG,smith-river41864
50519smith-river42095.JPG,50519,smith-river,42095,baskauf,42,95,,h50519smith-river42095.JPG,smith-river42095
50520coast-near-valdez3ksb410.jpg,50520,coast-near-valdez3k,sb410,,sb,410,,w50520coast-near-valdez3ksb410.jpg,coast-near-valdez3ksb410
50520salmon-valdez39sb281.jpg,50520,salmon-valdez39,sb281,,sb,281,,w50520salmon-valdez39sb281.jpg,salmon-valdez39sb281
50520valdez-pws40sb292.jpg,50520,valdez-pws40,sb292,,sb,292,,w50520valdez-pws40sb292.jpg,valdez-pws40sb292
50520valdez-pws41sb282.jpg,50520,valdez-pws41,sb282,,sb,282,,w50520valdez-pws41sb282.jpg,valdez-pws41sb282
50520valdez-pws42sb283.jpg,50520,valdez-pws42,sb283,,sb,283,,w50520valdez-pws42sb283.jpg,valdez-pws42sb283
50520valdez-pws43sb284.jpg,50520,valdez-pws43,sb284,,sb,284,,w50520valdez-pws43sb284.jpg,valdez-pws43sb284
50520valdez44sb293.jpg,50520,valdez44,sb293,,sb,293,,w50520valdez44sb293.jpg,valdez44sb293
,,,,,,,,w50522aspen stand-small.jpg,
,,,,,,,,w50522lac-fall.jpg,
,,,,,,,,w50522rosehill.jpg,
,,,,,,,,w50523-76983.jpg,
,,,,,,,,w50523-76985.jpg,
,,,,,,,,w50523-76986.jpg,
,,,,,,,,w50523-hatcher1.jpg,
,,,,,,,,w50523-hatcher4.jpg,
,,,,,,,,w50523-hatcher5.jpg,
,,,,,,,,w50523-hatcher7.jpg,
50524clearcut40426.JPG,50524,clearcut,40426,baskauf,40,426,,h50524clearcut40426.JPG,clearcut40426
50524port-angeles40473.JPG,50524,port-angeles,40473,baskauf,40,473,,h50524port-angeles40473.JPG,port-angeles40473
50524skagit-valley43230.JPG,50524,skagit-valley,43230,baskauf,43,230,,h50524skagit-valley43230.JPG,skagit-valley43230
50524skagit-valley43234.JPG,50524,skagit-valley,43234,baskauf,43,234,,h50524skagit-valley43234.JPG,skagit-valley43234
50524takoma-narrows40418.JPG,50524,takoma-narrows,40418,baskauf,40,418,,h50524takoma-narrows40418.JPG,takoma-narrows40418
50524takoma-narrows40423.JPG,50524,takoma-narrows,40423,baskauf,40,423,,h50524takoma-narrows40423.JPG,takoma-narrows40423
50524takoma-narrows40424.JPG,50524,takoma-narrows,40424,baskauf,40,424,,h50524takoma-narrows40424.JPG,takoma-narrows40424
50524takoma40417.JPG,50524,takoma,40417,baskauf,40,417,,h50524takoma40417.JPG,takoma40417
50524trees40439.JPG,50524,trees,40439,baskauf,40,439,,h50524trees40439.JPG,trees40439
50527sierras-sequoyajb196.jpg,50527,sierras-sequoya,jb196,,jb,196,"Sierra Nevada mountains near Sequoya NP, CA",h50527sierras-sequoyajb196.jpg,sierras-sequoyajb196
50527yosem-seqjb197.jpg,50527,yosem-seq,jb197,,jb,197,"sequoyas, Yosemite NP, CA",h50527yosem-seqjb197.jpg,yosem-seqjb197
50527yosemite-valleyjb404.jpg,50527,yosemite-valley,jb404,,jb,404,,w50527yosemite-valleyjb404.jpg,yosemite-valleyjb404
50527yosemite-vallley1jb198.jpg,50527,yosemite-vallley1,jb198,,jb,198,"conifers, Yosmite Valley, Yosemite NP, CA",h50527yosemite-vallley1jb198.jpg,yosemite-vallley1jb198
50527yosemitejb403.jpg,50527,yosemite,jb403,,jb,403,,w50527yosemitejb403.jpg,yosemitejb403
50528bighornjb200.jpg,50528,bighorn,jb200,,jb,200,"Bighorn Mts., Bighorn Ntl. Forest, WY",h50528bighornjb200.jpg,bighornjb200
50528bighornsjb396.jpg,50528,bighorns,jb396,,jb,396,,w50528bighornsjb396.jpg,bighornsjb396
50528black-hills-sd0899dd349.JPG,50528,black-hills-sd0899,dd349,,dd,349,"Black Hills, SD",w50528black-hills-sd0899dd349.JPG,black-hills-sd0899dd349
50528grand-can-yellowstonejb201.jpg,50528,grand-can-yellowstone,jb201,,jb,201,"Lower Yellowstone Falls, Grand Canyon of the Yellowstone, WY",h50528grand-can-yellowstonejb201.jpg,grand-can-yellowstonejb201
50528lakota-lakedd350.JPG,50528,lakota-lake,dd350,,dd,350,"Lakota Lake, Black Hills, SD",w50528lakota-lakedd350.JPG,lakota-lakedd350
50528prismatic-yellowjb202.jpg,50528,prismatic-yellow,jb202,,jb,202,"Prismatic Hot Spring, Yellowstone NP, WY",h50528prismatic-yellowjb202.jpg,prismatic-yellowjb202
50528tetons-flowersjb208.jpg,50528,tetons-flowers,jb208,,jb,208,"tundra flowers, Grand Teton NP, WY",h50528tetons-flowersjb208.jpg,tetons-flowersjb208
50528tetons3jb205.jpg,50528,tetons3,jb205,,jb,205,"near treeline, Grand Teton NP, WY",h50528tetons3jb205.jpg,tetons3jb205
50528tetons4jb206.jpg,50528,tetons4,jb206,,jb,206,"low elevation forest, Grand Teton NP, WY",h50528tetons4jb206.jpg,tetons4jb206
50528tetons5jb207.jpg,50528,tetons5,jb207,,jb,207,"Grand Teton NP, WY",h50528tetons5jb207.jpg,tetons5jb207
50528yellowstone-after-fire02sb218.jpg,50528,yellowstone-after-fire02,sb218,,sb,218,"after large fires, Yellowtone NP, WY",h50528yellowstone-after-fire02sb218.jpg,yellowstone-after-fire02sb218
50528yellowstone-bearjb210.jpg,50528,yellowstone-bear,jb210,,jb,210,"bear jam, Yellowstone NP, WY",h50528yellowstone-bearjb210.jpg,yellowstone-bearjb210
50528yellowstone-thermaljb209.jpg,50528,yellowstone-thermal,jb209,,jb,209,"thermal features, Yellowtone NP, WY",h50528yellowstone-thermaljb209.jpg,yellowstone-thermaljb209
50529okefenokee-mke173.jpg,50529,okefenokee-m,ke173,,ke,173,,w50529okefenokee-mke173.jpg,okefenokee-mke173
50529okefenokee-mke176.jpg,50529,okefenokee-m,ke176,,ke,176,,w50529okefenokee-mke176.jpg,okefenokee-mke176
50529palmettos-mke144.jpg,50529,palmettos-m,ke144,,ke,144,,w50529palmettos-mke144.jpg,palmettos-mke144
50530cedar-breaks1140dd351.JPG,50530,cedar-breaks1140,dd351,,dd,351,"Cedar Breaks, Utah",w50530cedar-breaks1140dd351.JPG,cedar-breaks1140dd351
50530cedar-breaks1143dd352.JPG,50530,cedar-breaks1143,dd352,,dd,352,"Cedar Breaks, Utah",w50530cedar-breaks1143dd352.JPG,cedar-breaks1143dd352
50602greenwater-pp18sb220.jpg,50602,greenwater-pp18,sb220,,sb,220,"Greenwater Provincial Park, Ontario",h50602greenwater-pp18sb220.jpg,greenwater-pp18sb220
50602hearst-ont12sb219.jpg,50602,hearst-ont12,sb219,,sb,219,"black spruce, near Hearst, Ontario",h50602hearst-ont12sb219.jpg,hearst-ont12sb219
50603aspens75840.JPG,50603,aspens,75840,baskauf,75,840,,w50603aspens75840.JPG,aspens75840
50603black-spruce75846.JPG,50603,black-spruce,75846,baskauf,75,846,,w50603black-spruce75846.JPG,black-spruce75846
50603costal-wetlands75173.JPG,50603,costal-wetlands,75173,baskauf,75,173,,w50603costal-wetlands75173.JPG,costal-wetlands75173
50603interior-wetlands75841.JPG,50603,interior-wetlands,75841,baskauf,75,841,,w50603interior-wetlands75841.JPG,interior-wetlands75841
50603interior-wetlands75845.JPG,50603,interior-wetlands,75845,baskauf,75,845,,w50603interior-wetlands75845.JPG,interior-wetlands75845
50603mixed-forest75836.JPG,50603,mixed-forest,75836,baskauf,75,836,,w50603mixed-forest75836.JPG,mixed-forest75836
50604copper-basin12jsb423.jpg,50604,copper-basin12j,sb423,,sb,423,,w50604copper-basin12jsb423.jpg,copper-basin12jsb423
50604copper-basin13jsb424.jpg,50604,copper-basin13j,sb424,,sb,424,,w50604copper-basin13jsb424.jpg,copper-basin13jsb424
50604valdez-rd37sb280.jpg,50604,valdez-rd37,sb280,,sb,280,,w50604valdez-rd37sb280.jpg,valdez-rd37sb280
50607brooks-fthills30sb275.jpg,50607,brooks-fthills30,sb275,,sb,275,,w50607brooks-fthills30sb275.jpg,brooks-fthills30sb275
50607marion-creek35sb291.jpg,50607,marion-creek35,sb291,,sb,291,,w50607marion-creek35sb291.jpg,marion-creek35sb291
50607s-brooks-foothills-25gsb420.jpg,50607,s-brooks-foothills-25g,sb420,,sb,420,"southern foothills of the Brooks Range, Dalton Hwy., Alaska",w50607s-brooks-foothills-25gsb420.jpg,s-brooks-foothills-25gsb420
50607s-side-brooks-range.jpg,50607,s-side-brooks-,range,,ra,nge,,w50607s-side-brooks-range.jpg,s-side-brooks-range
50607taiga3506.jpg,50607,taig,a3506,,a3,506,,w50607taiga3506.jpg,taiga3506
50607tiaga.jpg,50607,,tiaga,,ti,aga,,w50607tiaga.jpg,tiaga
50607yuk-r-dalton-hwy28sb273.jpg,50607,yuk-r-dalton-hwy28,sb273,,sb,273,,w50607yuk-r-dalton-hwy28sb273.jpg,yuk-r-dalton-hwy28sb273
50607yukon-r-dalton-15gsb417.jpg,50607,yukon-r-dalton-15g,sb417,,sb,417,"Yukon River, Dalton Hwy., Alaska",w50607yukon-r-dalton-15gsb417.jpg,yukon-r-dalton-15gsb417
50610ft-nelson21sb287.jpg,50610,ft-nelson21,sb287,,sb,287,going up into the Rockies on the west of Ft. Nelson,w50610ft-nelson21sb287.jpg,ft-nelson21sb287
50613ft-nelson-muncho22sb288.jpg,50613,ft-nelson-muncho22,sb288,,sb,288,between Ft. Nelson and Muncho Lake,w50613ft-nelson-muncho22sb288.jpg,ft-nelson-muncho22sb288
50613ft-nelson-river23sb289.jpg,50613,ft-nelson-river23,sb289,,sb,289,Ft. Nelson River between Ft. Nelson and Muncho Lake,w50613ft-nelson-river23sb289.jpg,ft-nelson-river23sb289
50613laird-hot-spr25sb271.jpg,50613,laird-hot-spr25,sb271,,sb,271,,w50613laird-hot-spr25sb271.jpg,laird-hot-spr25sb271
50613laird-hot-spr26sb272.jpg,50613,laird-hot-spr26,sb272,,sb,272,,w50613laird-hot-spr26sb272.jpg,laird-hot-spr26sb272
50613northern-bc24sb406.jpg,50613,northern-bc24,sb406,,sb,406,,w50613northern-bc24sb406.jpg,northern-bc24sb406
50613watson-l-teslin-l26asb408.jpg,50613,watson-l-teslin-l26a,sb408,,sb,408,between 1 h west of Watson Lake and Teslin Lake,w50613watson-l-teslin-l26asb408.jpg,watson-l-teslin-l26asb408
50613watson-l-teslin-l26asb425.jpg,50613,watson-l-teslin-l26a,sb425,,sb,425,,w50613watson-l-teslin-l26asb425.jpg,watson-l-teslin-l26asb425
50616boreal-james-bay15sb222.jpg,50616,boreal-james-bay15,sb222,,sb,222,"black spruce and tamarack, near James Bay, Ontario",h50616boreal-james-bay15sb222.jpg,boreal-james-bay15sb222
50616boreal-james-bay16sb223.jpg,50616,boreal-james-bay16,sb223,,sb,223,"black spruce and tamarack, near James Bay, Ontario",h50616boreal-james-bay16sb223.jpg,boreal-james-bay16sb223
50616james-bay-aerial17sb224.jpg,50616,james-bay-aerial17,sb224,,sb,224,"aerial view of boreal forest near James Bay, Ontario",h50616james-bay-aerial17sb224.jpg,james-bay-aerial17sb224
50616moose-river14sb221.jpg,50616,moose-river14,sb221,,sb,221,"Moose River near outlet into James Bay, Ontario",h50616moose-river14sb221.jpg,moose-river14sb221
50617near-whitehorse30esb414.jpg,50617,near-whitehorse30e,sb414,,sb,414,"near Whitehorse, Yukon Ter.",w50617near-whitehorse30esb414.jpg,near-whitehorse30esb414
50617teslin-whitehorse27esb426.jpg,50617,teslin-whitehorse27e,sb426,,sb,426,,w50617teslin-whitehorse27esb426.jpg,teslin-whitehorse27esb426
50617yukon-r-whitehorse28esb409.jpg,50617,yukon-r-whitehorse28e,sb409,,sb,409,"Yukon River at Whitehorse, Yukon Ter.",w50617yukon-r-whitehorse28esb409.jpg,yukon-r-whitehorse28esb409
,,,,baskauf,,,,w50701-76939.jpg,
,,,,baskauf,,,,w50701-76941.jpg,
,,,,baskauf,,,,w50701-76948.jpg,
,,,,baskauf,,,,w50701-76954.jpg,
,,,,baskauf,,,,w50701-76956.jpg,
,,,,baskauf,,,,w50701-76964.jpg,
,,,,baskauf,,,,w50701-76980.jpg,
,,,,baskauf,,,,w50701-76989.jpg,
,,,,baskauf,,,,w50801-69919.jpg,
,,,,baskauf,,,,w50801-69921.jpg,
,,,,baskauf,,,,w50801-69923.jpg,
,,,,baskauf,,,,w50801-69924.jpg,
,,,,baskauf,,,,w50801-69927.jpg,
,,,,baskauf,,,,w50801-69929.jpg,
50801feather-r-near-nicolaus-cadd392.JPG,50801,feather-r-near-nicolaus-ca,dd392,,dd,392,"Feather River, near Nicolaus, Sutter Co., CA",w50801feather-r-near-nicolaus-cadd392.JPG,feather-r-near-nicolaus-cadd392
50802east-edmonton19sb285.jpg,50802,east-edmonton19,sb285,,sb,285,,w50802east-edmonton19sb285.jpg,east-edmonton19sb285
50803ks3-00208.jpg,50803,ks3-,208,,0,208,,w50803ks3-00208.jpg,ks3-00208
50804agriculture62260.jpg,50804,agriculture,62260,baskauf,62,260,,w50804agriculture62260.jpg,agriculture62260
50804agriculture62261.jpg,50804,agriculture,62261,baskauf,62,261,,w50804agriculture62261.jpg,agriculture62261
50804bc-preserve-mke047.jpg,50804,bc-preserve-m,ke047,,ke,47,,w50804bc-preserve-mke047.jpg,bc-preserve-mke047
50804bc-preserve-mke048.jpg,50804,bc-preserve-m,ke048,,ke,48,,w50804bc-preserve-mke048.jpg,bc-preserve-mke048
50804goldringrv182.jpg,50804,goldring,rv182,,rv,182,"Ringgold Prairie, s. IA",h50804goldringrv182.jpg,goldringrv182
50804in-dunes-mke103.jpg,50804,in-dunes-m,ke103,,ke,103,,w50804in-dunes-mke103.jpg,in-dunes-mke103
50804midewin62247.jpg,50804,midewin,62247,baskauf,62,247,,w50804midewin62247.jpg,midewin62247
50804midewin62249.jpg,50804,midewin,62249,baskauf,62,249,,w50804midewin62249.jpg,midewin62249
50804midewin62255.jpg,50804,midewin,62255,baskauf,62,255,,w50804midewin62255.jpg,midewin62255
50804midewin62258.jpg,50804,midewin,62258,baskauf,62,258,,w50804midewin62258.jpg,midewin62258
50804ron-ringoldrv183.jpg,50804,ron-ringold,rv183,,rv,183,"Ringgold Prairie, s. IA",h50804ron-ringoldrv183.jpg,ron-ringoldrv183
50805blazingstar-field2rv184.jpg,50805,blazingstar-field2,rv184,,rv,184,"near fen, n.w. IA",h50805blazingstar-field2rv184.jpg,blazingstar-field2rv184
50805burn20011103crv185.jpg,50805,burn20011103c,rv185,,rv,185,"prescribed prairie burn, Neal Smith NWR, IA",h50805burn20011103crv185.jpg,burn20011103crv185
50805fen-sloperv186.jpg,50805,fen-slope,rv186,,rv,186,"fen, n. IA",h50805fen-sloperv186.jpg,fen-sloperv186
50805npg-wetlandrv187.JPG,50805,npg-wetland,rv187,,rv,187,"prairie pothole, n.w. IA",h50805npg-wetlandrv187.JPG,npg-wetlandrv187
50805savannarv188.jpg,50805,savanna,rv188,,rv,188,"savanna overgrown with trees, Neal Smith NWR, IA",h50805savannarv188.jpg,savannarv188
50805sd00104.jpg,50805,sd,104,,0,104,,w50805sd00104.jpg,sd00104
50805sd00105.jpg,50805,sd,105,,0,105,,w50805sd00105.jpg,sd00105
50805sd00107.jpg,50805,sd,107,,0,107,,w50805sd00107.jpg,sd00107
50805sd00108.jpg,50805,sd,108,,0,108,,w50805sd00108.jpg,sd00108
,,,,,,,,w50806-77029.jpg,
,,,,,,,,w50806-77031.jpg,
,,,,,,,,w50806-77034.jpg,
,,,,,,,,w50806-77037.jpg,
,,,,,,,,w50806-77079.jpg,
,,,,,,,,w50806-77084.jpg,
,,,,,,,,w50806-77086.jpg,
50807flint-hills-mke039.jpg,50807,flint-hills-m,ke039,,ke,39,,w50807flint-hills-mke039.jpg,flint-hills-mke039
50807ks00214.jpg,50807,ks,214,,0,214,,w50807ks00214.jpg,ks00214
50807ks1-00201.jpg,50807,ks1-,201,,0,201,,w50807ks1-00201.jpg,ks1-00201
50807tgpnr-echinacea59288.jpg,50807,tgpnr-echinacea,59288,baskauf,59,288,,w50807tgpnr-echinacea59288.jpg,tgpnr-echinacea59288
50807tgpnr-flora59152.jpg,50807,tgpnr-flora,59152,baskauf,59,152,,w50807tgpnr-flora59152.jpg,tgpnr-flora59152
50807tgpnr-pan59121.jpg,50807,tgpnr-pan,59121,baskauf,59,121,,w50807tgpnr-pan59121.jpg,tgpnr-pan59121
50807tgpnr-riparian-pan59303.jpg,50807,tgpnr-riparian-pan,59303,baskauf,59,303,,w50807tgpnr-riparian-pan59303.jpg,tgpnr-riparian-pan59303
50807tgpnr59126.jpg,50807,tgpnr,59126,baskauf,59,126,,w50807tgpnr59126.jpg,tgpnr59126
50807tgpnr59142.jpg,50807,tgpnr,59142,baskauf,59,142,,w50807tgpnr59142.jpg,tgpnr59142
50807tgpnr59145.jpg,50807,tgpnr,59145,baskauf,59,145,,w50807tgpnr59145.jpg,tgpnr59145
50807tgpnr59146.jpg,50807,tgpnr,59146,baskauf,59,146,,w50807tgpnr59146.jpg,tgpnr59146
50808alberta-front-range03sb225.jpg,50808,alberta-front-range03,sb225,,sb,225,prairie near front range of Alberta,h50808alberta-front-range03sb225.jpg,alberta-front-range03sb225
50809e-valentine62221.jpg,50809,e-valentine,62221,baskauf,62,221,,w50809e-valentine62221.jpg,e-valentine62221
50809e-valentine62223.jpg,50809,e-valentine,62223,baskauf,62,223,,w50809e-valentine62223.jpg,e-valentine62223
50809e-valentine62228.jpg,50809,e-valentine,62228,baskauf,62,228,,w50809e-valentine62228.jpg,e-valentine62228
50809substrate62217.jpg,50809,substrate,62217,baskauf,62,217,,w50809substrate62217.jpg,substrate62217
50809w-valentine62218.jpg,50809,w-valentine,62218,baskauf,62,218,,w50809w-valentine62218.jpg,w-valentine62218
50809w-valentine62219.jpg,50809,w-valentine,62219,baskauf,62,219,,w50809w-valentine62219.jpg,w-valentine62219
50810agriculture62241.jpg,50810,agriculture,62241,baskauf,62,241,,w50810agriculture62241.jpg,agriculture62241
50810center62235.jpg,50810,center,62235,baskauf,62,235,,w50810center62235.jpg,center62235
50810center62238.jpg,50810,center,62238,baskauf,62,238,,w50810center62238.jpg,center62238
50810west62231.jpg,50810,west,62231,baskauf,62,231,,w50810west62231.jpg,west62231
50810west62232.jpg,50810,west,62232,baskauf,62,232,,w50810west62232.jpg,west62232
50811badlandsjb211.jpg,50811,badlands,jb211,,jb,211,"Badlands National Park, SD",h50811badlandsjb211.jpg,badlandsjb211
50811badlandsjb395.jpg,50811,badlands,jb395,,jb,395,,w50811badlandsjb395.jpg,badlandsjb395
50811nd1-00214.jpg,50811,nd1-,214,,0,214,,w50811nd1-00214.jpg,nd1-00214
50811nd2-00217.jpg,50811,nd2-,217,,0,217,,w50811nd2-00217.jpg,nd2-00217
50811nd2-00220.jpg,50811,nd2-,220,,0,220,,w50811nd2-00220.jpg,nd2-00220
50811ordwayrv189.jpg,50811,ordway,rv189,,rv,189,"shortgrass prairie, Ordway preserve, ND",h50811ordwayrv189.jpg,ordwayrv189
50811prairie-dog-mke034.jpg,50811,prairie-dog-m,ke034,,ke,34,,w50811prairie-dog-mke034.jpg,prairie-dog-mke034
50811saskatewan01sb226.jpg,50811,saskatewan01,sb226,,sb,226,"shortgrass prarie, western Saskatewan",h50811saskatewan01sb226.jpg,saskatewan01sb226
50811sd62212.jpg,50811,sd,62212,,62,212,,w50811sd62212.jpg,sd62212
50811sd62214.jpg,50811,sd,62214,,62,214,,w50811sd62214.jpg,sd62214
50811sd62215.jpg,50811,sd,62215,,62,215,,w50811sd62215.jpg,sd62215
,,,,,,,,w50812-87443.jpg,
50813grass-along-columbia42886.JPG,50813,grass-along-columbia,42886,baskauf,42,886,,h50813grass-along-columbia42886.JPG,grass-along-columbia42886
50813grass-sage42869.JPG,50813,grass-sage,42869,baskauf,42,869,,h50813grass-sage42869.JPG,grass-sage42869
50813grass42878.JPG,50813,grass,42878,baskauf,42,878,,h50813grass42878.JPG,grass42878
50813high-elevation42911.JPG,50813,high-elevation,42911,baskauf,42,911,,h50813high-elevation42911.JPG,high-elevation42911
50813lower-methow42898.JPG,50813,lower-methow,42898,baskauf,42,898,,h50813lower-methow42898.JPG,lower-methow42898
50813near-chelan-close42866.JPG,50813,near-chelan-close,42866,baskauf,42,866,,h50813near-chelan-close42866.JPG,near-chelan-close42866
50813near-chelan-distant42860.JPG,50813,near-chelan-distant,42860,baskauf,42,860,,h50813near-chelan-distant42860.JPG,near-chelan-distant42860
50813near-chelan42854.JPG,50813,near-chelan,42854,baskauf,42,854,,h50813near-chelan42854.JPG,near-chelan42854
50813north-slope-trees42883.JPG,50813,north-slope-trees,42883,baskauf,42,883,,h50813north-slope-trees42883.JPG,north-slope-trees42883
50813riparian-methow42913.JPG,50813,riparian-methow,42913,baskauf,42,913,,h50813riparian-methow42913.JPG,riparian-methow42913
50813riparian-methow42918.JPG,50813,riparian-methow,42918,baskauf,42,918,,h50813riparian-methow42918.JPG,riparian-methow42918
,,,,baskauf,,,,w50814-76998.jpg,
,,,,baskauf,,,,w50814-77002.jpg,
,,,,baskauf,,,,w50814-77005.jpg,
,,,,baskauf,,,,w50814-77007.jpg,
,,,,baskauf,,,,w50814-77010.jpg,
,,,,baskauf,,,,w50814-77012.jpg,
,,,,baskauf,,,,w50814-77027.jpg,
,,,,baskauf,,,,w50814-77028.jpg,
50815high-plains-bluffs0011.jpg,50815,high-plains-bluff,s0011,,s0,11,,w50815high-plains-bluffs0011.jpg,high-plains-bluffs0011
50815pronghorn-mke035.jpg,50815,pronghorn-m,ke035,,ke,35,,w50815pronghorn-mke035.jpg,pronghorn-mke035
50815twin-buttes-mke037.jpg,50815,twin-buttes-m,ke037,,ke,37,,w50815twin-buttes-mke037.jpg,twin-buttes-mke037
51101denali-spruce3838.jpg,51101,denali-spruc,e3838,,e3,838,,w51101denali-spruce3838.jpg,denali-spruce3838
51101denali3807.jpg,51101,denal,i3807,,i3,807,,w51101denali3807.jpg,denali3807
,,,,,,,,w51102makushin-and-broad-bay-valley-2005-05-02-aa.jpg,
51103kuparick-development.jpg,51103,kuparick-develo,pment,,pm,ent,,w51103kuparick-development.jpg,kuparick-development
51103n-slope-pipeline.jpg,51103,n-slope-pip,eline,,el,ine,,w51103n-slope-pipeline.jpg,n-slope-pipeline
51103n-slope-ponds.jpg,51103,n-slope-,ponds,,po,nds,,w51103n-slope-ponds.jpg,n-slope-ponds
51103n-slope-tundra-close.jpg,51103,n-slope-tundra-,close,,cl,ose,,w51103n-slope-tundra-close.jpg,n-slope-tundra-close
51103north-slope-aerial.jpg,51103,north-slope-a,erial,,er,ial,,w51103north-slope-aerial.jpg,north-slope-aerial
51103tussocks.jpg,51103,tus,socks,,so,cks,,w51103tussocks.jpg,tussocks
51104foothills-n-edge-brook.jpg,51104,foothills-n-edge-,brook,,br,ook,,w51104foothills-n-edge-brook.jpg,foothills-n-edge-brook
51104n-of-brooks-musk.jpg,51104,n-of-brooks,-musk,,-m,usk,,w51104n-of-brooks-musk.jpg,n-of-brooks-musk
51104n-of-brooks.jpg,51104,n-of-b,rooks,,ro,oks,,w51104n-of-brooks.jpg,n-of-brooks
,,,,,,,,w51108-182.jpg,
51108-182ds585.jpg,51108,-182,ds585,,ds,585,,w51108-182ds585.jpg,-182ds585
,,,,,,,,w51108-189.jpg,
51108-189ds586.jpg,51108,-189,ds586,,ds,586,,w51108-189ds586.jpg,-189ds586
,,,,,,,,w51108-230.jpg,
,,,,,,,,w51108-231.jpg,
51108-231ds588.jpg,51108,-231,ds588,,ds,588,,w51108-231ds588.jpg,-231ds588
,,,,,,,,w51108-243.jpg,
51108-243ds589.jpg,51108,-243,ds589,,ds,589,,w51108-243ds589.jpg,-243ds589
,,,,,,,,w51108-251.jpg,
,,,,,,,,w51108-254.jpg,
51108-254ds591.jpg,51108,-254,ds591,,ds,591,,w51108-254ds591.jpg,-254ds591
,,,,,,,,w51108-280.jpg,
51108-280ds592.jpg,51108,-280,ds592,,ds,592,,w51108-280ds592.jpg,-280ds592
,,,,,,,,w51108-287.jpg,
51108-287ds593.jpg,51108,-287,ds593,,ds,593,,w51108-287ds593.jpg,-287ds593
,,,,,,,,w51108-298.jpg,
,,,,,,,,w51108-302.jpg,
,,,,,,,,w51108-324.jpg,
,,,,,,,,w51108-351.jpg,
51108-351ds597.jpg,51108,-351,ds597,,ds,597,,w51108-351ds597.jpg,-351ds597
,,,,,,,,w51108-354.jpg,
51108-354ds598.jpg,51108,-354,ds598,,ds,598,,w51108-354ds598.jpg,-354ds598
,,,,,,,,w51108-361.jpg,
,,,,,,,,w51108-393.jpg,
,,,,,,,,w51108-396.jpg,
51108-396ds601.jpg,51108,-396,ds601,,ds,601,,w51108-396ds601.jpg,-396ds601
,,,,,,,,w51108-397.jpg,
51108-397ds602.jpg,51108,-397,ds602,,ds,602,,w51108-397ds602.jpg,-397ds602
,,,,,,,,w51108-406.jpg,
51108-406ds603.jpg,51108,-406,ds603,,ds,603,,w51108-406ds603.jpg,-406ds603
,,,,,,,,w51108-424.jpg,
,,,,,,,,w51108-427.jpg,
51108-427ds605.jpg,51108,-427,ds605,,ds,605,,w51108-427ds605.jpg,-427ds605
,,,,,,,,w51108-429.jpg,
51108-429ds606.jpg,51108,-429,ds606,,ds,606,,w51108-429ds606.jpg,-429ds606
,,,,,,,,w51108-433.jpg,
51108-433ds607.jpg,51108,-433,ds607,,ds,607,,w51108-433ds607.jpg,-433ds607
,,,,,,,,w51108-442.jpg,
51108-442ds608.jpg,51108,-442,ds608,,ds,608,,w51108-442ds608.jpg,-442ds608
,,,,,,,,w51108-446.jpg,
51108-446ds609.jpg,51108,-446,ds609,,ds,609,,w51108-446ds609.jpg,-446ds609
,,,,,,,,w51108-447.jpg,
51108-447ds610.jpg,51108,-447,ds610,,ds,610,,w51108-447ds610.jpg,-447ds610
,,,,,,,,w51108-455.jpg,
51108-455ds611.jpg,51108,-455,ds611,,ds,611,,w51108-455ds611.jpg,-455ds611
51108brooks-clouds.jpg,51108,brooks-c,louds,,lo,uds,,w51108brooks-clouds.jpg,brooks-clouds
51108brooks-range31sb276.jpg,51108,brooks-range31,sb276,,sb,276,note bear in distance,w51108brooks-range31sb276.jpg,brooks-range31sb276
51108brooks-range33sb290.jpg,51108,brooks-range33,sb290,,sb,290,,w51108brooks-range33sb290.jpg,brooks-range33sb290
51108brooks-range34sb278.jpg,51108,brooks-range34,sb278,,sb,278,,w51108brooks-range34sb278.jpg,brooks-range34sb278
51108brooks-snow.jpg,51108,brooks,-snow,,-s,now,,w51108brooks-snow.jpg,brooks-snow
51108caribou251ds590.jpg,51108,caribou251,ds590,,ds,590,,w51108caribou251ds590.jpg,caribou251ds590
51108caribou298ds594.jpg,51108,caribou298,ds594,,ds,594,,w51108caribou298ds594.jpg,caribou298ds594
51108caribou302ds595.jpg,51108,caribou302,ds595,,ds,595,,w51108caribou302ds595.jpg,caribou302ds595
51108caribou324ds596.jpg,51108,caribou324,ds596,,ds,596,,w51108caribou324ds596.jpg,caribou324ds596
51108caribou361ds599.jpg,51108,caribou361,ds599,,ds,599,,w51108caribou361ds599.jpg,caribou361ds599
51108caribou393ds600.jpg,51108,caribou393,ds600,,ds,600,,w51108caribou393ds600.jpg,caribou393ds600
51108n-brooks15hsb422.jpg,51108,n-brooks15h,sb422,,sb,422,"north side of Brooks Range Range, Dalton Hwy., Alaska",w51108n-brooks15hsb422.jpg,n-brooks15hsb422
51108north-spruce32sb277.jpg,51108,north-spruce32,sb277,,sb,277,,w51108north-spruce32sb277.jpg,north-spruce32sb277
51108permaf-heave-brook37gsb421.jpg,51108,permaf-heave-brook37g,sb421,,sb,421,"permafrost heaves, Brooks Range, Dalton Hwy., Alaska",w51108permaf-heave-brook37gsb421.jpg,permaf-heave-brook37gsb421
51108sheep424ds604.jpg,51108,sheep424,ds604,,ds,604,,w51108sheep424ds604.jpg,sheep424ds604
51108tracks230ds587.jpg,51108,tracks230,ds587,,ds,587,,w51108tracks230ds587.jpg,tracks230ds587
,,,,,,,,w51111-130.jpg,
,,,,,,,,w51111-131.jpg,
51111arctic-circle36sb279.jpg,51111,arctic-circle36,sb279,,sb,279,,w51111arctic-circle36sb279.jpg,arctic-circle36sb279
51111beavercreek-yk-7fsb415.jpg,51111,beavercreek-yk-7f,sb415,,sb,415,"near Beavercreek, Yukon Ter.",w51111beavercreek-yk-7fsb415.jpg,beavercreek-yk-7fsb415
51111beavercreek-yk-8fsb416.jpg,51111,beavercreek-yk-8f,sb416,,sb,416,"near Beavercreek, Yukon Ter.",w51111beavercreek-yk-8fsb416.jpg,beavercreek-yk-8fsb416
51111brooks-fthills29sb274.jpg,51111,brooks-fthills29,sb274,,sb,274,,w51111brooks-fthills29sb274.jpg,brooks-fthills29sb274
51111caribou130ds612.jpg,51111,caribou130,ds612,,ds,612,,w51111caribou130ds612.jpg,caribou130ds612
51111caribou131ds613.jpg,51111,caribou131,ds613,,ds,613,,w51111caribou131ds613.jpg,caribou131ds613
51111near-arctic-circle-21gsb418.jpg,51111,near-arctic-circle-21g,sb418,,sb,418,"near the Arctic circle, Dalton Hwy., Alaska",w51111near-arctic-circle-21gsb418.jpg,near-arctic-circle-21gsb418
51111near-arctic-circle-23gsb419.jpg,51111,near-arctic-circle-23g,sb419,,sb,419,"near the Arctic circle, Dalton Hwy., Alaska",w51111near-arctic-circle-23gsb419.jpg,near-arctic-circle-23gsb419
51111permaf-features10isb412.jpg,51111,permaf-features10i,sb412,,sb,412,"permafrost features, Dalton Hwy. between Arctic C & Coldfoot",w51111permaf-features10isb412.jpg,permaf-features10isb412
51111us-can-taylor-hwy2msb411.jpg,51111,us-can-taylor-hwy2m,sb411,,sb,411,Alaska-Yukon border on Taylor Hwy. west of Dawson,w51111us-can-taylor-hwy2msb411.jpg,us-can-taylor-hwy2msb411
51117chugatch2918.jpg,51117,chugatc,h2918,,h2,918,,w51117chugatch2918.jpg,chugatch2918
51117steep-tundra3225.jpg,51117,steep-tundr,a3225,,a3,225,,w51117steep-tundra3225.jpg,steep-tundra3225
51117treeline3033.jpg,51117,treelin,e3033,,e3,33,,w51117treeline3033.jpg,treeline3033
51117tundra3302.jpg,51117,tundr,a3302,,a3,302,,w51117tundra3302.jpg,tundra3302
51117upper-paradise3227.jpg,51117,upper-paradis,e3227,,e3,227,,w51117upper-paradise3227.jpg,upper-paradise3227
51201bluffs-santa-cruz-is.jpg,51201,bluffs-santa-cr,uz-is,,uz,-is,,w51201bluffs-santa-cruz-is.jpg,bluffs-santa-cruz-is
51201carrington-pt-santa-rosa.jpg,51201,carrington-pt-santa,-rosa,,-r,osa,,w51201carrington-pt-santa-rosa.jpg,carrington-pt-santa-rosa
51201central-valley-santa-cruz-is.jpg,51201,central-valley-santa-cr,uz-is,,uz,-is,,w51201central-valley-santa-cruz-is.jpg,central-valley-santa-cruz-is
51201cherry-canyn-santa-rosa-is.jpg,51201,cherry-canyn-santa-ro,sa-is,,sa,-is,,w51201cherry-canyn-santa-rosa-is.jpg,cherry-canyn-santa-rosa-is
51201china-beach-elephant-seals-s-r-i.jpg,51201,china-beach-elephant-seals-,s-r-i,,s-,r-i,,w51201china-beach-elephant-seals-s-r-i.jpg,china-beach-elephant-seals-s-r-i
51201coastal-canyn-santa-cruz-is.jpg,51201,coastal-canyn-santa-cr,uz-is,,uz,-is,,w51201coastal-canyn-santa-cruz-is.jpg,coastal-canyn-santa-cruz-is
51201hwy-79-san-diego-co.jpg,51201,hwy-79-san-die,go-co,,go,-co,,w51201hwy-79-san-diego-co.jpg,hwy-79-san-diego-co
51201island-interior-santa-rosa.jpg,51201,island-interior-santa,-rosa,,-r,osa,,w51201island-interior-santa-rosa.jpg,island-interior-santa-rosa
51201island-oak-santa-rosa.jpg,51201,island-oak-santa,-rosa,,-r,osa,,w51201island-oak-santa-rosa.jpg,island-oak-santa-rosa
51201navy-rd-santa-cruz-is.jpg,51201,navy-rd-santa-cr,uz-is,,uz,-is,,w51201navy-rd-santa-cruz-is.jpg,navy-rd-santa-cruz-is
51201oxnard-beach1dd387.JPG,51201,oxnard-beach1,dd387,,dd,387,"Oxnard Beach, Ventura Co., CA",w51201oxnard-beach1dd387.JPG,oxnard-beach1dd387
51201oxnard-beach2dd388.JPG,51201,oxnard-beach2,dd388,,dd,388,"Oxnard Beach, Ventura Co., CA",w51201oxnard-beach2dd388.JPG,oxnard-beach2dd388
51201oxnard-beach3dd389.JPG,51201,oxnard-beach3,dd389,,dd,389,"Oxnard Beach, Ventura Co., CA",w51201oxnard-beach3dd389.JPG,oxnard-beach3dd389
51201oxnard-beach4dd390.JPG,51201,oxnard-beach4,dd390,,dd,390,"Oxnard Beach, Ventura Co., CA",w51201oxnard-beach4dd390.JPG,oxnard-beach4dd390
51201sand-dunes-santa-rosa.jpg,51201,sand-dunes-santa,-rosa,,-r,osa,,w51201sand-dunes-santa-rosa.jpg,sand-dunes-santa-rosa
51201santa-margarita-ecol-pres-san-diego.jpg,51201,santa-margarita-ecol-pres-san-,diego,,di,ego,,w51201santa-margarita-ecol-pres-san-diego.jpg,santa-margarita-ecol-pres-san-diego
51201santa-rosa-canyn-to-coast-back-shot.jpg,51201,santa-rosa-canyn-to-coast-back,-shot,,-s,hot,,w51201santa-rosa-canyn-to-coast-back-shot.jpg,santa-rosa-canyn-to-coast-back-shot
51201santa-rosa-canyn-to-coast.jpg,51201,santa-rosa-canyn-to-,coast,,co,ast,,w51201santa-rosa-canyn-to-coast.jpg,santa-rosa-canyn-to-coast
51201santa-rosa-island-torrey-pines.jpg,51201,santa-rosa-island-torrey-,pines,,pi,nes,,w51201santa-rosa-island-torrey-pines.jpg,santa-rosa-island-torrey-pines
51201torrey-pines-santa-rosa-is.jpg,51201,torrey-pines-santa-ro,sa-is,,sa,-is,,w51201torrey-pines-santa-rosa-is.jpg,torrey-pines-santa-rosa-is
51201toward-harbor-santa-cruz-is.jpg,51201,toward-harbor-santa-cr,uz-is,,uz,-is,,w51201toward-harbor-santa-cruz-is.jpg,toward-harbor-santa-cruz-is
51202mke118.jpg,51202,m,ke118,,ke,118,,w51202mke118.jpg,mke118
51202soda-lake-area-cadd391.JPG,51202,soda-lake-area-ca,dd391,,dd,391,"Soda Lake area, Carrizo Plain, San Luis Obispo Co., CA",w51202soda-lake-area-cadd391.JPG,soda-lake-area-cadd391
51203above-l-isabellap8100023.jpg,51203,above-l-isabellap81,23,,0,23,,w51203above-l-isabellap8100023.jpg,above-l-isabellap8100023
51203chaparral-santa-babara-co.jpg,51203,chaparral-santa-baba,ra-co,,ra,-co,,w51203chaparral-santa-babara-co.jpg,chaparral-santa-babara-co
51203lytle-creek-rd-san-bernadino.jpg,51203,lytle-creek-rd-san-bern,adino,,ad,ino,,w51203lytle-creek-rd-san-bernadino.jpg,lytle-creek-rd-san-bernadino
51303amado-monsoon14183.jpg,51303,amado-monsoon,14183,baskauf,14,183,,w51303amado-monsoon14183.jpg,amado-monsoon14183
51303latr2-mke026.jpg,51303,latr2-m,ke026,,ke,26,,w51303latr2-mke026.jpg,latr2-mke026
51303shrubland14517.jpg,51303,shrubland,14517,baskauf,14,517,,w51303shrubland14517.jpg,shrubland14517
51304cottonwoods-mke065.jpg,51304,cottonwoods-m,ke065,,ke,65,,w51304cottonwoods-mke065.jpg,cottonwoods-mke065
51304gr-sand-dunes-mke123.jpg,51304,gr-sand-dunes-m,ke123,,ke,123,,w51304gr-sand-dunes-mke123.jpg,gr-sand-dunes-mke123
51304gr-sand-dunes-mke124.jpg,51304,gr-sand-dunes-m,ke124,,ke,124,,w51304gr-sand-dunes-mke124.jpg,gr-sand-dunes-mke124
51304grand-can-d0707.jpg,51304,grand-can-,d0707,,d0,707,,w51304grand-can-d0707.jpg,grand-can-d0707
51304grand-can-d0762.jpg,51304,grand-can-,d0762,,d0,762,,w51304grand-can-d0762.jpg,grand-can-d0762
51304kaibab-plateau1002dd319.JPG,51304,kaibab-plateau1002,dd319,,dd,319,AZ north of GCNP,w51304kaibab-plateau1002dd319.JPG,kaibab-plateau1002dd319
51304kaibab-plateau1003dd320.JPG,51304,kaibab-plateau1003,dd320,,dd,320,AZ north of GCNP,w51304kaibab-plateau1003dd320.JPG,kaibab-plateau1003dd320
51304magdelena-mts-nm0968dd365.JPG,51304,magdelena-mts-nm0968,dd365,,dd,365,"Magdelena Mountains, NM",w51304magdelena-mts-nm0968dd365.JPG,magdelena-mts-nm0968dd365
51304magdelena-mts-nm0982dd366.JPG,51304,magdelena-mts-nm0982,dd366,,dd,366,"Magdelena Mountains, NM",w51304magdelena-mts-nm0982dd366.JPG,magdelena-mts-nm0982dd366
51304n-grand-canyon0992dd317.JPG,51304,n-grand-canyon0992,dd317,,dd,317,AZ north of GCNP,w51304n-grand-canyon0992dd317.JPG,n-grand-canyon0992dd317
51304n-grand-canyon0993dd318.JPG,51304,n-grand-canyon0993,dd318,,dd,318,AZ north of GCNP,w51304n-grand-canyon0993dd318.JPG,n-grand-canyon0993dd318
51304pinon-juniper14097.jpg,51304,pinon-juniper,14097,baskauf,14,97,,w51304pinon-juniper14097.jpg,pinon-juniper14097
51304pinon-juniper14098.jpg,51304,pinon-juniper,14098,baskauf,14,98,,w51304pinon-juniper14098.jpg,pinon-juniper14098
51304sage-mke030.jpg,51304,sage-m,ke030,,ke,30,,w51304sage-mke030.jpg,sage-mke030
51304tetons-mke033.jpg,51304,tetons-m,ke033,,ke,33,,w51304tetons-mke033.jpg,tetons-mke033
51304ut1108dd353.JPG,51304,ut1108,dd353,,dd,353,"east central desert, Utah",w51304ut1108dd353.JPG,ut1108dd353
51304ut1116add354.jpg,51304,ut1116a,dd354,,dd,354,"east central desert, Utah",w51304ut1116add354.jpg,ut1116add354
51304ut1118dd355.JPG,51304,ut1118,dd355,,dd,355,"east central desert, Utah",w51304ut1118dd355.JPG,ut1118dd355
51305mine-mono-cajb397.jpg,51305,mine-mono-ca,jb397,,jb,397,,w51305mine-mono-cajb397.jpg,mine-mono-cajb397
51305owens-valley-near-bishopdd384.jpg,51305,owens-valley-near-bishop,dd384,,dd,384,"Owens Valley, near Bishop, Inyo Co., CA",w51305owens-valley-near-bishopdd384.jpg,owens-valley-near-bishopdd384
51306007wa296.jpg,51306,7,wa296,,wa,296,,w51306007wa296.jpg,007wa296
51306018wa298.jpg,51306,18,wa298,,wa,298,,w51306018wa298.jpg,018wa298
51306022wa300.jpg,51306,22,wa300,,wa,300,,w51306022wa300.jpg,022wa300
51306026wa301.jpg,51306,26,wa301,,wa,301,,w51306026wa301.jpg,026wa301
51306039wa302.jpg,51306,39,wa302,,wa,302,,w51306039wa302.jpg,039wa302
51306045wa303.jpg,51306,45,wa303,,wa,303,,w51306045wa303.jpg,045wa303
51306058wa304.jpg,51306,58,wa304,,wa,304,,w51306058wa304.jpg,058wa304
51306060wa305.jpg,51306,60,wa305,,wa,305,,w51306060wa305.jpg,060wa305
51306064wa306.jpg,51306,64,wa306,,wa,306,,w51306064wa306.jpg,064wa306
51306147wa311.jpg,51306,147,wa311,,wa,311,,w51306147wa311.jpg,147wa311
51306161wa312.jpg,51306,161,wa312,,wa,312,,w51306161wa312.jpg,161wa312
51306canyon014wa297.jpg,51306,canyon014,wa297,,wa,297,,w51306canyon014wa297.jpg,canyon014wa297
51306choja077wa307.jpg,51306,choja077,wa307,,wa,307,,w51306choja077wa307.jpg,choja077wa307
51306island021wa299.jpg,51306,island021,wa299,,wa,299,,w51306island021wa299.jpg,island021wa299
51306ocatillo085wa308.jpg,51306,ocatillo085,wa308,,wa,308,,w51306ocatillo085wa308.jpg,ocatillo085wa308
51308death-v-flat10dd382.JPG,51308,death-v-flat10,dd382,,dd,382,CA Death Valley,w51308death-v-flat10dd382.JPG,death-v-flat10dd382
51308death-v-flat17dd383.JPG,51308,death-v-flat17,dd383,,dd,383,CA Death Valley,w51308death-v-flat17dd383.JPG,death-v-flat17dd383
51308death-v03dd367.JPG,51308,death-v03,dd367,,dd,367,CA Death Valley,w51308death-v03dd367.JPG,death-v03dd367
51308death-v06dd368.JPG,51308,death-v06,dd368,,dd,368,CA Death Valley,w51308death-v06dd368.JPG,death-v06dd368
51308death-v07dd369.JPG,51308,death-v07,dd369,,dd,369,CA Death Valley,w51308death-v07dd369.JPG,death-v07dd369
51308death-v08dd370.JPG,51308,death-v08,dd370,,dd,370,CA Death Valley,w51308death-v08dd370.JPG,death-v08dd370
51308death-v09dd371.JPG,51308,death-v09,dd371,,dd,371,CA Death Valley,w51308death-v09dd371.JPG,death-v09dd371
51308death-v12dd372.JPG,51308,death-v12,dd372,,dd,372,CA Death Valley,w51308death-v12dd372.JPG,death-v12dd372
51308death-v13dd373.JPG,51308,death-v13,dd373,,dd,373,CA Death Valley,w51308death-v13dd373.JPG,death-v13dd373
51308death-v24dd374.JPG,51308,death-v24,dd374,,dd,374,CA Death Valley,w51308death-v24dd374.JPG,death-v24dd374
51308death-v25dd375.JPG,51308,death-v25,dd375,,dd,375,CA Death Valley,w51308death-v25dd375.JPG,death-v25dd375
51308death-v26dd376.JPG,51308,death-v26,dd376,,dd,376,CA Death Valley,w51308death-v26dd376.JPG,death-v26dd376
51308death-v27dd377.JPG,51308,death-v27,dd377,,dd,377,CA Death Valley,w51308death-v27dd377.JPG,death-v27dd377
51308death-v28dd378.JPG,51308,death-v28,dd378,,dd,378,CA Death Valley,w51308death-v28dd378.JPG,death-v28dd378
51308death-v29dd379.JPG,51308,death-v29,dd379,,dd,379,CA Death Valley,w51308death-v29dd379.JPG,death-v29dd379
51308death-v30dd380.JPG,51308,death-v30,dd380,,dd,380,CA Death Valley,w51308death-v30dd380.JPG,death-v30dd380
51308death-v32dd381.JPG,51308,death-v32,dd381,,dd,381,CA Death Valley,w51308death-v32dd381.JPG,death-v32dd381
51308yubr-mke022.jpg,51308,yubr-m,ke022,,ke,22,,w51308yubr-mke022.jpg,yubr-mke022
51309columbia-river42405.JPG,51309,columbia-river,42405,baskauf,42,405,,h51309columbia-river42405.JPG,columbia-river42405
51309columbia-river42413.JPG,51309,columbia-river,42413,baskauf,42,413,,h51309columbia-river42413.JPG,columbia-river42413
51309lassen-cajb401.jpg,51309,lassen-ca,jb401,,jb,401,,w51309lassen-cajb401.jpg,lassen-cajb401
51309oregonmke032.jpg,51309,oregonm,ke032,,ke,32,,w51309oregonmke032.jpg,oregonmke032
51309valley42414.JPG,51309,valley,42414,baskauf,42,414,,h51309valley42414.JPG,valley42414
51309view-close42407.JPG,51309,view-close,42407,baskauf,42,407,,h51309view-close42407.JPG,view-close42407
51309view-distant42410.JPG,51309,view-distant,42410,baskauf,42,410,,h51309view-distant42410.JPG,view-distant42410
51310cagi7-fosp2-mke001.jpg,51310,cagi7-fosp2-m,ke001,,ke,1,,w51310cagi7-fosp2-mke001.jpg,cagi7-fosp2-mke001
51310cholla-mke010.jpg,51310,cholla-m,ke010,,ke,10,,w51310cholla-mke010.jpg,cholla-mke010
51310flowers-mke017.jpg,51310,flowers-m,ke017,,ke,17,,w51310flowers-mke017.jpg,flowers-mke017
51310gates-pass-mke014.jpg,51310,gates-pass-m,ke014,,ke,14,,w51310gates-pass-mke014.jpg,gates-pass-mke014
51310organ-pipe-mke008.jpg,51310,organ-pipe-m,ke008,,ke,8,,w51310organ-pipe-mke008.jpg,organ-pipe-mke008
51310organ-pipe-mke011.jpg,51310,organ-pipe-m,ke011,,ke,11,,w51310organ-pipe-mke011.jpg,organ-pipe-mke011
51310organ-pipe-mke012.jpg,51310,organ-pipe-m,ke012,,ke,12,,w51310organ-pipe-mke012.jpg,organ-pipe-mke012
51310saguaro-mke013.jpg,51310,saguaro-m,ke013,,ke,13,,w51310saguaro-mke013.jpg,saguaro-mke013
51310saguaro-np14496.jpg,51310,saguaro-np,14496,baskauf,14,496,,w51310saguaro-np14496.jpg,saguaro-np14496
51310snp-wash14314.jpg,51310,snp-wash,14314,baskauf,14,314,,w51310snp-wash14314.jpg,snp-wash14314
51310snp-wash14317.jpg,51310,snp-wash,14317,baskauf,14,317,,w51310snp-wash14317.jpg,snp-wash14317
51310superior-mke023.jpg,51310,superior-m,ke023,,ke,23,,w51310superior-mke023.jpg,superior-mke023
51310tucson14860.jpg,51310,tucson,14860,baskauf,14,860,,w51310tucson14860.jpg,tucson14860
51310vegetation-mke015.jpg,51310,vegetation-m,ke015,,ke,15,,w51310vegetation-mke015.jpg,vegetation-mke015
51310wasson-pk-mke018.jpg,51310,wasson-pk-m,ke018,,ke,18,,w51310wasson-pk-mke018.jpg,wasson-pk-mke018
51313wy0908add356.jpg,51313,wy0908a,dd356,,dd,356,"near Laramie, WY",w51313wy0908add356.jpg,wy0908add356
51313wy0909dd357.JPG,51313,wy0909,dd357,,dd,357,"near Laramie, WY",w51313wy0909dd357.JPG,wy0909dd357
51313wy0920dd358.JPG,51313,wy0920,dd358,,dd,358,"near Laramie, WY",w51313wy0920dd358.JPG,wy0920dd358
51313wy0924dd359.JPG,51313,wy0924,dd359,,dd,359,"near Laramie, WY",w51313wy0924dd359.JPG,wy0924dd359
60155canopy10369sk530.JPG,60155,canopy10369,sk530,,sk,530,,w60155canopy10369sk530.JPG,canopy10369sk530
60155el-yunque-landslide870050eh518.jpg,60155,el-yunque-landslide870050,eh518,,eh,518,,w60155el-yunque-landslide870050eh518.jpg,el-yunque-landslide870050eh518
60155el-yunque114061eh519.jpg,60155,el-yunque114061,eh519,,eh,519,,w60155el-yunque114061eh519.jpg,el-yunque114061eh519
60155humidity10441sk534.JPG,60155,humidity10441,sk534,,sk,534,,w60155humidity10441sk534.JPG,humidity10441sk534
60155liana10348sk529.JPG,60155,liana10348,sk529,,sk,529,,w60155liana10348sk529.JPG,liana10348sk529
60155lianas10317sk527.JPG,60155,lianas10317,sk527,,sk,527,,w60155lianas10317sk527.JPG,lianas10317sk527
60155palms10339sk522.JPG,60155,palms10339,sk522,,sk,522,,w60155palms10339sk522.JPG,palms10339sk522
60155palms10380sk531.JPG,60155,palms10380,sk531,,sk,531,,w60155palms10380sk531.JPG,palms10380sk531
60155sierra-palm10331sk537.JPG,60155,sierra-palm10331,sk537,,sk,537,,w60155sierra-palm10331sk537.JPG,sierra-palm10331sk537
60155sierra-palm10345sk536.JPG,60155,sierra-palm10345,sk536,,sk,536,,w60155sierra-palm10345sk536.JPG,sierra-palm10345sk536
60155tree-fern10389sk520.JPG,60155,tree-fern10389,sk520,,sk,520,,w60155tree-fern10389sk520.JPG,tree-fern10389sk520
60155tree-fern10427sk521.JPG,60155,tree-fern10427,sk521,,sk,521,,w60155tree-fern10427sk521.JPG,tree-fern10427sk521
60155view10289sk523.JPG,60155,view10289,sk523,,sk,523,,w60155view10289sk523.JPG,view10289sk523
60155view10295sk524.JPG,60155,view10295,sk524,,sk,524,,w60155view10295sk524.JPG,view10295sk524
60155view10299sk525.JPG,60155,view10299,sk525,,sk,525,,w60155view10299sk525.JPG,view10299sk525
60155view10300sk526.JPG,60155,view10300,sk526,,sk,526,,w60155view10300sk526.JPG,view10300sk526
60155view10340sk528.JPG,60155,view10340,sk528,,sk,528,,w60155view10340sk528.JPG,view10340sk528
60155view10422sk532.JPG,60155,view10422,sk532,,sk,532,,w60155view10422sk532.JPG,view10422sk532
60155view10431sk533.JPG,60155,view10431,sk533,,sk,533,,w60155view10431sk533.JPG,view10431sk533
60155waterfall10448sk535.JPG,60155,waterfall10448,sk535,,sk,535,,w60155waterfall10448sk535.JPG,waterfall10448sk535
60164mangr-isle-mke165.jpg,60164,mangr-isle-m,ke165,,ke,165,,w60164mangr-isle-mke165.jpg,mangr-isle-mke165
60164pine-mke143.jpg,60164,pine-m,ke143,,ke,143,,w60164pine-mke143.jpg,pine-mke143
60164unburned-mke145.jpg,60164,unburned-m,ke145,,ke,145,,w60164unburned-mke145.jpg,unburned-mke145
60226guanica490025eh516.jpg,60226,guanica490025,eh516,,eh,516,,w60226guanica490025eh516.jpg,guanica490025eh516
60226guanica500026eh517.jpg,60226,guanica500026,eh517,,eh,517,,w60226guanica500026eh517.jpg,guanica500026eh517
60614after-burn-mke147.jpg,60614,after-burn-m,ke147,,ke,147,,w60614after-burn-mke147.jpg,after-burn-mke147
60614fresh-burn-mke146.jpg,60614,fresh-burn-m,ke146,,ke,146,,w60614fresh-burn-mke146.jpg,fresh-burn-mke146
60904buttonwood-mke167.jpg,60904,buttonwood-m,ke167,,ke,167,,w60904buttonwood-mke167.jpg,buttonwood-mke167
60904cypress-dome-mke158.jpg,60904,cypress-dome-m,ke158,,ke,158,,w60904cypress-dome-mke158.jpg,cypress-dome-mke158
60904epiphytes-mke159.jpg,60904,epiphytes-m,ke159,,ke,159,,w60904epiphytes-mke159.jpg,epiphytes-mke159
60904epiphytes-mke160.jpg,60904,epiphytes-m,ke160,,ke,160,,w60904epiphytes-mke160.jpg,epiphytes-mke160
60904epiphytes-mke161.jpg,60904,epiphytes-m,ke161,,ke,161,,w60904epiphytes-mke161.jpg,epiphytes-mke161
60904hammock-mke157.jpg,60904,hammock-m,ke157,,ke,157,,w60904hammock-mke157.jpg,hammock-mke157
70106akaka-falls04321.jpg,70106,akaka-falls,4321,baskauf,4,321,,w70106akaka-falls04321.jpg,akaka-falls04321
70106akaka-forest04321.jpg,70106,akaka-forest,4321,baskauf,4,321,,w70106akaka-forest04321.jpg,akaka-forest04321
70106alakai-distant04627.jpg,70106,alakai-distant,4627,baskauf,4,627,,w70106alakai-distant04627.jpg,alakai-distant04627
70106alakai-fern04623.jpg,70106,alakai-fern,4623,baskauf,4,623,,w70106alakai-fern04623.jpg,alakai-fern04623
70106alakai-log04620.jpg,70106,alakai-log,4620,baskauf,4,620,,w70106alakai-log04620.jpg,alakai-log04620
70106alakai-swamp04627.jpg,70106,alakai-swamp,4627,baskauf,4,627,,w70106alakai-swamp04627.jpg,alakai-swamp04627
70106alakai-vegetation04616.jpg,70106,alakai-vegetation,4616,baskauf,4,616,,w70106alakai-vegetation04616.jpg,alakai-vegetation04616
70106olaa-rain-forest04220.jpg,70106,olaa-rain-forest,4220,baskauf,4,220,,w70106olaa-rain-forest04220.jpg,olaa-rain-forest04220
70202-1850lava-flow04311.jpg,70202,-1850lava-flow,4311,baskauf,4,311,,w70202-1850lava-flow04311.jpg,-1850lava-flow04311
70202kipuka-canopy04301.jpg,70202,kipuka-canopy,4301,baskauf,4,301,,w70202kipuka-canopy04301.jpg,kipuka-canopy04301
70202kipuka-edge04305.jpg,70202,kipuka-edge,4305,baskauf,4,305,,w70202kipuka-edge04305.jpg,kipuka-edge04305
70202kipuka-lichens04304.jpg,70202,kipuka-lichens,4304,baskauf,4,304,,w70202kipuka-lichens04304.jpg,kipuka-lichens04304
70202kipuka04306.jpg,70202,kipuka,4306,baskauf,4,306,,w70202kipuka04306.jpg,kipuka04306
70202lava-ages04126.jpg,70202,lava-ages,4126,baskauf,4,126,,w70202lava-ages04126.jpg,lava-ages04126
,,,,baskauf,,,,w70202lava-sea04209.jpg,
,,,,baskauf,,,,w70202lava-sea04212.jpg,
70202lava-sea04214.jpg,70202,lava-sea,4214,baskauf,4,214,,w70202lava-sea04214.jpg,lava-sea04214
70202lava-types04123.jpg,70202,lava-types,4123,baskauf,4,123,,w70202lava-types04123.jpg,lava-types04123
70202manuka-mixed04013.jpg,70202,manuka-mixed,4013,baskauf,4,13,,w70202manuka-mixed04013.jpg,manuka-mixed04013
70202manuka-mixed04014.jpg,70202,manuka-mixed,4014,baskauf,4,14,,w70202manuka-mixed04014.jpg,manuka-mixed04014
70202manuka-pit04015.jpg,70202,manuka-pit,4015,baskauf,4,15,,w70202manuka-pit04015.jpg,manuka-pit04015
70202ohia-forest04316.jpg,70202,ohia-forest,4316,baskauf,4,316,,w70202ohia-forest04316.jpg,ohia-forest04316
70701kipuka-ainahou-nene043.jpg,70701,kipuka-ainahou-ne,ne043,,ne,43,,w70701kipuka-ainahou-nene043.jpg,kipuka-ainahou-nene043
70701mauna-loa04225.jpg,70701,mauna-loa,4225,baskauf,4,225,,w70701mauna-loa04225.jpg,mauna-loa04225
70702acacia04002.jpg,70702,acacia,4002,baskauf,4,2,,w70702acacia04002.jpg,acacia04002
70702aimakapu-lava-flow0400.jpg,70702,aimakapu-lava-flo,w0400,,w0,400,,w70702aimakapu-lava-flow0400.jpg,aimakapu-lava-flow0400
70702aimakapu-pond04001.jpg,70702,aimakapu-pond,4001,baskauf,4,1,,w70702aimakapu-pond04001.jpg,aimakapu-pond04001
70702polihale-beach04718.jpg,70702,polihale-beach,4718,baskauf,4,718,,w70702polihale-beach04718.jpg,polihale-beach04718
70702polihale04717.jpg,70702,polihale,4717,baskauf,4,717,,w70702polihale04717.jpg,polihale04717
99999denali3722.jpg,99999,denal,i3722,baskauf,i3,722,,w99999denali3722.jpg,denali3722
99999glacier-coastal-ak18ksb413.jpg,99999,glacier-coastal-ak18k,sb413,,sb,413,"glacier entering Prince William Sound, Alaska coast",w99999glacier-coastal-ak18ksb413.jpg,glacier-coastal-ak18ksb413
99999plain-six-glaciers05sb227.jpg,99999,plain-six-glaciers05,sb227,,sb,227,"glacier, Plain of Six Glaciers, Banff NP, Alberta",h99999plain-six-glaciers05sb227.jpg,plain-six-glaciers05sb227
99999plain-six-glaciers06sb228.jpg,99999,plain-six-glaciers06,sb228,,sb,228,"below glacier, Plain of Six Glaciers, Banff NP, Alberta",h99999plain-six-glaciers06sb228.jpg,plain-six-glaciers06sb228
99999portage-glacier2827.jpg,99999,portage-glacie,r2827,,r2,827,,w99999portage-glacier2827.jpg,portage-glacier2827
acacia03938.jpg,acaci,a,3938,,3,938,,wacacia03938.jpg,a03938
clearcut-air-mke105.jpg,clear,cut-air-m,ke105,,ke,105,,wclearcut-air-mke105.jpg,cut-air-mke105
clearcut-ground-mke107.jpg,clear,cut-ground-m,ke107,,ke,107,,wclearcut-ground-mke107.jpg,cut-ground-mke107
exposure-mke115.jpg,expos,ure-m,ke115,,ke,115,,wexposure-mke115.jpg,ure-mke115
exposure-mke116.jpg,expos,ure-m,ke116,,ke,116,,wexposure-mke116.jpg,ure-mke116
lichen3621.jpg,liche,,n3621,,n3,621,,wlichen3621.jpg,n3621
